code,fabricante_oficial,certificacion_calidad
770000100000,AgroProcesados,HACCP
770000100001,Bebidas del Valle,ISO-22000
770000100002,NutriAlimentos Corp,ISO-9001
770000100003,Industrias BioFood,ISO-14001
770000100004,Global Foods,ISO-14001
770000100005,Global Foods,Sin Certificación
770000100006,AgroProcesados,HACCP
770000100007,Industrias BioFood,ISO-22000
770000100008,Global Foods,HACCP
770000100009,Bebidas del Valle,ISO-22000
770000100010,NutriAlimentos Corp,Sin Certificación
770000100011,Global Foods,ISO-22000
770000100012,Industrias BioFood,HACCP
770000100013,AgroProcesados,HACCP
770000100014,Bebidas del Valle,HACCP
770000100015,Global Foods,ISO-9001
770000100016,Bebidas del Valle,ISO-22000
770000100017,Bebidas del Valle,Sin Certificación
770000100018,Industrias BioFood,ISO-14001
770000100019,Bebidas del Valle,ISO-14001
770000100020,AgroProcesados,ISO-9001
770000100021,Bebidas del Valle,ISO-9001
770000100022,NutriAlimentos Corp,ISO-14001
770000100023,Global Foods,HACCP
770000100024,Industrias BioFood,ISO-9001
770000100025,Global Foods,ISO-22000
770000100026,Global Foods,ISO-22000
770000100027,Bebidas del Valle,ISO-14001
770000100028,Industrias BioFood,HACCP
770000100029,AgroProcesados,ISO-9001
770000100030,NutriAlimentos Corp,HACCP
770000100031,Bebidas del Valle,ISO-14001
770000100032,Global Foods,HACCP
770000100033,Bebidas del Valle,ISO-9001
770000100034,AgroProcesados,ISO-9001
770000100035,Industrias BioFood,Sin Certificación
770000100036,NutriAlimentos Corp,ISO-14001
770000100037,Bebidas del Valle,Sin Certificación
770000100038,NutriAlimentos Corp,Sin Certificación
770000100039,Global Foods,ISO-22000
770000100040,Global Foods,ISO-22000
770000100041,Global Foods,HACCP
770000100042,Industrias BioFood,Sin Certificación
770000100043,Industrias BioFood,ISO-9001
770000100044,Industrias BioFood,ISO-14001
770000100045,Bebidas del Valle,ISO-9001
770000100046,Bebidas del Valle,ISO-9001
770000100047,Global Foods,HACCP
770000100048,Global Foods,ISO-9001
770000100049,Industrias BioFood,Sin Certificación
770000100050,Global Foods,Sin Certificación
770000100051,Bebidas del Valle,ISO-14001
770000100052,Industrias BioFood,HACCP
770000100053,Industrias BioFood,HACCP
770000100054,Bebidas del Valle,ISO-9001
770000100055,AgroProcesados,HACCP
770000100056,NutriAlimentos Corp,Sin Certificación
770000100057,Industrias BioFood,ISO-9001
770000100058,Global Foods,Sin Certificación
770000100059,Global Foods,ISO-22000
770000100060,AgroProcesados,HACCP
770000100061,Industrias BioFood,ISO-14001
770000100062,Bebidas del Valle,ISO-14001
770000100063,AgroProcesados,HACCP
770000100064,AgroProcesados,ISO-14001
770000100065,AgroProcesados,ISO-22000
770000100066,Bebidas del Valle,ISO-9001
770000100067,Global Foods,Sin Certificación
770000100068,Industrias BioFood,HACCP
770000100069,Bebidas del Valle,Sin Certificación
770000100070,AgroProcesados,ISO-14001
770000100071,Industrias BioFood,ISO-9001
770000100072,Bebidas del Valle,ISO-14001
770000100073,Global Foods,ISO-9001
770000100074,Global Foods,ISO-22000
770000100075,Global Foods,Sin Certificación
770000100076,Industrias BioFood,ISO-22000
770000100077,Global Foods,ISO-14001
770000100078,AgroProcesados,ISO-22000
770000100079,NutriAlimentos Corp,HACCP
770000100080,NutriAlimentos Corp,ISO-14001
770000100081,AgroProcesados,ISO-9001
770000100082,Global Foods,ISO-14001
770000100083,Bebidas del Valle,Sin Certificación
770000100084,Global Foods,ISO-22000
770000100085,Industrias BioFood,HACCP
770000100086,Bebidas del Valle,ISO-9001
770000100087,Industrias BioFood,ISO-9001
770000100088,AgroProcesados,HACCP
770000100089,Bebidas del Valle,Sin Certificación
770000100090,NutriAlimentos Corp,ISO-22000
770000100091,Global Foods,ISO-14001
770000100092,Bebidas del Valle,ISO-22000
770000100093,NutriAlimentos Corp,ISO-14001
770000100094,Bebidas del Valle,ISO-22000
770000100095,NutriAlimentos Corp,ISO-9001
770000100096,Industrias BioFood,ISO-9001
770000100097,NutriAlimentos Corp,ISO-9001
770000100098,AgroProcesados,HACCP
770000100099,Industrias BioFood,Sin Certificación
770000100100,AgroProcesados,Sin Certificación
770000100101,AgroProcesados,ISO-9001
770000100102,Industrias BioFood,HACCP
770000100103,AgroProcesados,ISO-14001
770000100104,Global Foods,ISO-9001
770000100105,Bebidas del Valle,ISO-22000
770000100106,Industrias BioFood,HACCP
770000100107,AgroProcesados,ISO-9001
770000100108,Bebidas del Valle,ISO-22000
770000100109,NutriAlimentos Corp,ISO-14001
770000100110,AgroProcesados,ISO-9001
770000100111,AgroProcesados,ISO-22000
770000100112,Industrias BioFood,HACCP
770000100113,Bebidas del Valle,HACCP
770000100114,Industrias BioFood,ISO-9001
770000100115,NutriAlimentos Corp,ISO-14001
770000100116,Bebidas del Valle,ISO-9001
770000100117,AgroProcesados,HACCP
770000100118,Bebidas del Valle,ISO-14001
770000100119,NutriAlimentos Corp,HACCP
770000100120,Industrias BioFood,Sin Certificación
770000100121,Bebidas del Valle,ISO-14001
770000100122,Global Foods,ISO-9001
770000100123,Bebidas del Valle,HACCP
770000100124,NutriAlimentos Corp,ISO-9001
770000100125,Bebidas del Valle,HACCP
770000100126,Global Foods,ISO-14001
770000100127,Industrias BioFood,ISO-14001
770000100128,Bebidas del Valle,ISO-9001
770000100129,AgroProcesados,ISO-14001
770000100130,AgroProcesados,ISO-9001
770000100131,AgroProcesados,ISO-14001
770000100132,AgroProcesados,ISO-22000
770000100133,Industrias BioFood,ISO-22000
770000100134,AgroProcesados,ISO-22000
770000100135,Bebidas del Valle,ISO-9001
770000100136,NutriAlimentos Corp,ISO-22000
770000100137,AgroProcesados,ISO-22000
770000100138,AgroProcesados,ISO-9001
770000100139,NutriAlimentos Corp,ISO-22000
770000100140,NutriAlimentos Corp,HACCP
770000100141,Industrias BioFood,ISO-9001
770000100142,NutriAlimentos Corp,ISO-14001
770000100143,AgroProcesados,HACCP
770000100144,Bebidas del Valle,ISO-9001
770000100145,NutriAlimentos Corp,Sin Certificación
770000100146,Bebidas del Valle,ISO-14001
770000100147,AgroProcesados,ISO-14001
770000100148,Industrias BioFood,ISO-9001
770000100149,Bebidas del Valle,ISO-14001
770000100150,NutriAlimentos Corp,HACCP
770000100151,Bebidas del Valle,Sin Certificación
770000100152,AgroProcesados,HACCP
770000100153,Global Foods,ISO-9001
770000100154,Industrias BioFood,ISO-22000
770000100155,AgroProcesados,ISO-14001
770000100156,AgroProcesados,ISO-14001
770000100157,NutriAlimentos Corp,ISO-22000
770000100158,AgroProcesados,ISO-14001
770000100159,Industrias BioFood,ISO-22000
770000100160,Global Foods,ISO-9001
770000100161,Global Foods,Sin Certificación
770000100162,NutriAlimentos Corp,Sin Certificación
770000100163,NutriAlimentos Corp,ISO-22000
770000100164,Global Foods,Sin Certificación
770000100165,Global Foods,HACCP
770000100166,Industrias BioFood,HACCP
770000100167,AgroProcesados,ISO-22000
770000100168,NutriAlimentos Corp,ISO-14001
770000100169,AgroProcesados,ISO-14001
770000100170,Global Foods,ISO-14001
770000100171,Global Foods,ISO-14001
770000100172,Bebidas del Valle,ISO-9001
770000100173,NutriAlimentos Corp,HACCP
770000100174,Bebidas del Valle,HACCP
770000100175,AgroProcesados,Sin Certificación
770000100176,Industrias BioFood,ISO-9001
770000100177,NutriAlimentos Corp,HACCP
770000100178,AgroProcesados,HACCP
770000100179,NutriAlimentos Corp,ISO-22000
770000100180,Bebidas del Valle,ISO-14001
770000100181,Global Foods,Sin Certificación
770000100182,NutriAlimentos Corp,ISO-9001
770000100183,Industrias BioFood,ISO-22000
770000100184,NutriAlimentos Corp,HACCP
770000100185,NutriAlimentos Corp,ISO-9001
770000100186,AgroProcesados,ISO-14001
770000100187,NutriAlimentos Corp,HACCP
770000100188,Global Foods,HACCP
770000100189,AgroProcesados,Sin Certificación
770000100190,Global Foods,ISO-9001
770000100191,NutriAlimentos Corp,HACCP
770000100192,Bebidas del Valle,ISO-9001
770000100193,NutriAlimentos Corp,HACCP
770000200194,AgroProcesados,ISO-22000
770000200195,NutriAlimentos Corp,Sin Certificación
770000200196,AgroProcesados,ISO-14001
770000200197,Industrias BioFood,ISO-22000
770000200198,AgroProcesados,HACCP
770000200199,Industrias BioFood,ISO-22000
770000200200,Industrias BioFood,ISO-14001
770000200201,Industrias BioFood,ISO-22000
770000200202,Global Foods,ISO-22000
770000200203,Global Foods,HACCP
770000200204,Global Foods,ISO-22000
770000200205,NutriAlimentos Corp,ISO-22000
770000200206,Bebidas del Valle,Sin Certificación
770000200207,AgroProcesados,ISO-14001
770000200208,Industrias BioFood,HACCP
770000200209,AgroProcesados,Sin Certificación
770000200210,Industrias BioFood,Sin Certificación
770000200211,Industrias BioFood,Sin Certificación
770000200212,AgroProcesados,Sin Certificación
770000200213,AgroProcesados,Sin Certificación
770000200214,Bebidas del Valle,ISO-22000
770000200215,Industrias BioFood,ISO-22000
770000200216,Industrias BioFood,ISO-22000
770000200217,Global Foods,Sin Certificación
770000200218,NutriAlimentos Corp,ISO-14001
770000200219,Bebidas del Valle,ISO-14001
770000200220,Bebidas del Valle,Sin Certificación
770000200221,Global Foods,Sin Certificación
770000200222,NutriAlimentos Corp,Sin Certificación
770000200223,AgroProcesados,Sin Certificación
770000200224,Industrias BioFood,ISO-22000
770000200225,Global Foods,ISO-22000
770000200226,Bebidas del Valle,ISO-9001
770000200227,Bebidas del Valle,HACCP
770000200228,AgroProcesados,ISO-9001
770000200229,Industrias BioFood,ISO-22000
770000200230,AgroProcesados,Sin Certificación
770000200231,AgroProcesados,Sin Certificación
770000200232,Global Foods,HACCP
770000200233,Bebidas del Valle,ISO-22000
770000200234,Industrias BioFood,ISO-22000
770000200235,Global Foods,ISO-22000
770000200236,Industrias BioFood,ISO-14001
770000200237,Global Foods,ISO-9001
770000200238,Industrias BioFood,ISO-14001
770000200239,NutriAlimentos Corp,ISO-22000
770000200240,Industrias BioFood,ISO-9001
770000200241,NutriAlimentos Corp,ISO-9001
770000200242,Bebidas del Valle,ISO-9001
770000200243,Global Foods,ISO-14001
770000200244,Global Foods,ISO-9001
770000200245,Industrias BioFood,ISO-14001
770000200246,NutriAlimentos Corp,ISO-9001
770000200247,Bebidas del Valle,ISO-14001
770000200248,Bebidas del Valle,ISO-22000
770000200249,NutriAlimentos Corp,ISO-14001
770000200250,Bebidas del Valle,ISO-14001
770000200251,NutriAlimentos Corp,HACCP
770000200252,Global Foods,ISO-9001
770000200253,NutriAlimentos Corp,Sin Certificación
770000200254,Industrias BioFood,ISO-22000
770000200255,NutriAlimentos Corp,ISO-9001
770000200256,Global Foods,HACCP
770000200257,Industrias BioFood,Sin Certificación
770000200258,Bebidas del Valle,ISO-22000
770000200259,NutriAlimentos Corp,ISO-22000
770000200260,Bebidas del Valle,ISO-9001
770000200261,Industrias BioFood,ISO-9001
770000200262,Global Foods,Sin Certificación
770000200263,Industrias BioFood,Sin Certificación
770000200264,AgroProcesados,ISO-22000
770000200265,Bebidas del Valle,ISO-14001
770000200266,Bebidas del Valle,ISO-9001
770000200267,NutriAlimentos Corp,ISO-9001
770000200268,Global Foods,Sin Certificación
770000200269,Industrias BioFood,HACCP
770000200270,Global Foods,ISO-9001
770000200271,NutriAlimentos Corp,ISO-9001
770000200272,NutriAlimentos Corp,ISO-9001
770000200273,Industrias BioFood,Sin Certificación
770000200274,AgroProcesados,ISO-9001
770000200275,NutriAlimentos Corp,HACCP
770000200276,Industrias BioFood,ISO-9001
770000200277,AgroProcesados,ISO-14001
770000200278,NutriAlimentos Corp,ISO-14001
770000200279,Global Foods,ISO-22000
770000200280,Industrias BioFood,Sin Certificación
770000200281,NutriAlimentos Corp,ISO-22000
770000200282,AgroProcesados,Sin Certificación
770000200283,Industrias BioFood,ISO-9001
770000200284,NutriAlimentos Corp,Sin Certificación
770000200285,Industrias BioFood,Sin Certificación
770000200286,Industrias BioFood,ISO-14001
770000200287,NutriAlimentos Corp,ISO-9001
770000200288,NutriAlimentos Corp,ISO-14001
770000200289,Industrias BioFood,HACCP
770000200290,Bebidas del Valle,ISO-9001
770000200291,Industrias BioFood,ISO-14001
770000200292,NutriAlimentos Corp,HACCP
770000200293,Global Foods,Sin Certificación
770000200294,NutriAlimentos Corp,HACCP
770000200295,Industrias BioFood,ISO-14001
770000200296,Bebidas del Valle,ISO-9001
770000200297,Global Foods,ISO-9001
770000200298,AgroProcesados,ISO-9001
770000200299,AgroProcesados,ISO-22000
770000200300,Global Foods,ISO-14001
770000200301,AgroProcesados,ISO-14001
770000200302,NutriAlimentos Corp,ISO-22000
770000200303,NutriAlimentos Corp,Sin Certificación
770000200304,NutriAlimentos Corp,Sin Certificación
770000200305,Industrias BioFood,HACCP
770000200306,NutriAlimentos Corp,ISO-14001
770000200307,Global Foods,ISO-9001
770000200308,NutriAlimentos Corp,ISO-22000
770000200309,NutriAlimentos Corp,ISO-22000
770000200310,Global Foods,ISO-9001
770000200311,NutriAlimentos Corp,ISO-14001
770000200312,Global Foods,ISO-14001
770000200313,Global Foods,Sin Certificación
770000200314,Bebidas del Valle,ISO-22000
770000200315,Global Foods,Sin Certificación
770000200316,NutriAlimentos Corp,ISO-14001
770000200317,NutriAlimentos Corp,Sin Certificación
770000200318,Industrias BioFood,HACCP
770000200319,Industrias BioFood,ISO-22000
770000200320,Global Foods,ISO-9001
770000200321,Global Foods,ISO-22000
770000200322,NutriAlimentos Corp,Sin Certificación
770000200323,AgroProcesados,ISO-9001
770000200324,AgroProcesados,Sin Certificación
770000200325,Global Foods,ISO-14001
770000200326,Industrias BioFood,Sin Certificación
770000200327,Bebidas del Valle,HACCP
770000200328,Bebidas del Valle,ISO-9001
770000200329,AgroProcesados,HACCP
770000200330,NutriAlimentos Corp,ISO-14001
770000200331,NutriAlimentos Corp,ISO-22000
770000200332,AgroProcesados,ISO-9001
770000200333,Global Foods,Sin Certificación
770000200334,Bebidas del Valle,HACCP
770000200335,Global Foods,Sin Certificación
770000200336,Global Foods,ISO-14001
770000200337,NutriAlimentos Corp,HACCP
770000200338,NutriAlimentos Corp,Sin Certificación
770000200339,NutriAlimentos Corp,HACCP
770000200340,NutriAlimentos Corp,Sin Certificación
770000200341,Industrias BioFood,ISO-22000
770000200342,Bebidas del Valle,HACCP
770000200343,Global Foods,HACCP
770000200344,Global Foods,ISO-22000
770000200345,Global Foods,HACCP
770000200346,Industrias BioFood,Sin Certificación
770000200347,Industrias BioFood,HACCP
770000200348,Bebidas del Valle,HACCP
770000200349,Global Foods,Sin Certificación
770000200350,AgroProcesados,ISO-22000
770000200351,Bebidas del Valle,Sin Certificación
770000200352,NutriAlimentos Corp,Sin Certificación
770000200353,AgroProcesados,ISO-9001
770000200354,Global Foods,ISO-14001
770000200355,Bebidas del Valle,ISO-9001
770000200356,NutriAlimentos Corp,Sin Certificación
770000200357,Global Foods,ISO-22000
770000200358,NutriAlimentos Corp,HACCP
770000200359,Industrias BioFood,ISO-14001
770000200360,Industrias BioFood,ISO-9001
770000200361,Bebidas del Valle,HACCP
770000200362,NutriAlimentos Corp,Sin Certificación
770000200363,AgroProcesados,Sin Certificación
770000200364,AgroProcesados,HACCP
770000200365,Global Foods,ISO-9001
770000200366,Bebidas del Valle,Sin Certificación
770000200367,AgroProcesados,HACCP
770000200368,NutriAlimentos Corp,ISO-9001
770000200369,Industrias BioFood,Sin Certificación
770000200370,AgroProcesados,ISO-9001
770000200371,Global Foods,HACCP
770000200372,Industrias BioFood,ISO-22000
770000200373,Global Foods,Sin Certificación
770000200374,Industrias BioFood,ISO-14001
770000200375,Bebidas del Valle,HACCP
770000200376,Global Foods,ISO-14001
770000200377,NutriAlimentos Corp,HACCP
770000200378,NutriAlimentos Corp,Sin Certificación
770000200379,Global Foods,ISO-14001
770000200380,AgroProcesados,ISO-14001
770000200381,Global Foods,ISO-9001
770000200382,NutriAlimentos Corp,ISO-9001
770000200383,NutriAlimentos Corp,ISO-22000
770000200384,Global Foods,ISO-9001
770000200385,AgroProcesados,ISO-14001
770000200386,AgroProcesados,Sin Certificación
770000200387,AgroProcesados,HACCP
770000300388,Bebidas del Valle,ISO-9001
770000300389,NutriAlimentos Corp,ISO-9001
770000300390,Global Foods,ISO-14001
770000300391,AgroProcesados,ISO-14001
770000300392,AgroProcesados,ISO-14001
770000300393,Industrias BioFood,ISO-14001
770000300394,Bebidas del Valle,ISO-22000
770000300395,Industrias BioFood,Sin Certificación
770000300396,NutriAlimentos Corp,ISO-14001
770000300397,Global Foods,ISO-9001
770000300398,NutriAlimentos Corp,Sin Certificación
770000300399,Industrias BioFood,ISO-14001
770000300400,Global Foods,ISO-9001
770000300401,AgroProcesados,ISO-22000
770000300402,NutriAlimentos Corp,ISO-14001
770000300403,Bebidas del Valle,Sin Certificación
770000300404,AgroProcesados,ISO-9001
770000300405,NutriAlimentos Corp,HACCP
770000300406,Bebidas del Valle,ISO-9001
770000300407,Industrias BioFood,ISO-22000
770000300408,Bebidas del Valle,ISO-9001
770000300409,Industrias BioFood,ISO-9001
770000300410,NutriAlimentos Corp,HACCP
770000300411,Industrias BioFood,ISO-22000
770000300412,Global Foods,ISO-22000
770000300413,AgroProcesados,ISO-22000
770000300414,Global Foods,ISO-9001
770000300415,Bebidas del Valle,HACCP
770000300416,Bebidas del Valle,ISO-14001
770000300417,Global Foods,ISO-22000
770000300418,Industrias BioFood,Sin Certificación
770000300419,AgroProcesados,ISO-9001
770000300420,Global Foods,HACCP
770000300421,Industrias BioFood,ISO-22000
770000300422,AgroProcesados,Sin Certificación
770000300423,NutriAlimentos Corp,Sin Certificación
770000300424,Bebidas del Valle,Sin Certificación
770000300425,Bebidas del Valle,ISO-22000
770000300426,Bebidas del Valle,ISO-14001
770000300427,NutriAlimentos Corp,ISO-14001
770000300428,AgroProcesados,ISO-22000
770000300429,NutriAlimentos Corp,ISO-22000
770000300430,AgroProcesados,ISO-22000
770000300431,Bebidas del Valle,ISO-9001
770000300432,Global Foods,HACCP
770000300433,AgroProcesados,Sin Certificación
770000300434,NutriAlimentos Corp,ISO-22000
770000300435,NutriAlimentos Corp,Sin Certificación
770000300436,NutriAlimentos Corp,Sin Certificación
770000300437,Bebidas del Valle,ISO-14001
770000300438,AgroProcesados,ISO-14001
770000300439,Global Foods,HACCP
770000300440,NutriAlimentos Corp,Sin Certificación
770000300441,Global Foods,Sin Certificación
770000300442,Industrias BioFood,HACCP
770000300443,Global Foods,ISO-14001
770000300444,AgroProcesados,Sin Certificación
770000300445,NutriAlimentos Corp,Sin Certificación
770000300446,AgroProcesados,HACCP
770000300447,Bebidas del Valle,ISO-9001
770000300448,Industrias BioFood,ISO-14001
770000300449,NutriAlimentos Corp,ISO-14001
770000300450,Bebidas del Valle,ISO-14001
770000300451,AgroProcesados,ISO-22000
770000300452,AgroProcesados,ISO-22000
770000300453,Global Foods,ISO-14001
770000300454,Global Foods,HACCP
770000300455,NutriAlimentos Corp,ISO-22000
770000300456,Industrias BioFood,ISO-14001
770000300457,Bebidas del Valle,ISO-14001
770000300458,Global Foods,Sin Certificación
770000300459,NutriAlimentos Corp,ISO-14001
770000300460,Global Foods,HACCP
770000300461,AgroProcesados,HACCP
770000300462,Global Foods,ISO-14001
770000300463,AgroProcesados,HACCP
770000300464,Industrias BioFood,ISO-22000
770000300465,NutriAlimentos Corp,Sin Certificación
770000300466,NutriAlimentos Corp,ISO-14001
770000300467,Global Foods,Sin Certificación
770000300468,NutriAlimentos Corp,HACCP
770000300469,Industrias BioFood,HACCP
770000300470,Global Foods,HACCP
770000300471,Industrias BioFood,ISO-22000
770000300472,NutriAlimentos Corp,Sin Certificación
770000300473,Bebidas del Valle,Sin Certificación
770000300474,AgroProcesados,Sin Certificación
770000300475,AgroProcesados,ISO-22000
770000300476,NutriAlimentos Corp,HACCP
770000300477,Global Foods,HACCP
770000300478,Global Foods,HACCP
770000300479,NutriAlimentos Corp,ISO-14001
770000300480,NutriAlimentos Corp,ISO-14001
770000300481,NutriAlimentos Corp,Sin Certificación
770000300482,Industrias BioFood,ISO-22000
770000300483,Bebidas del Valle,ISO-14001
770000300484,Global Foods,HACCP
770000300485,Global Foods,HACCP
770000300486,Industrias BioFood,ISO-14001
770000300487,NutriAlimentos Corp,ISO-14001
770000300488,Global Foods,Sin Certificación
770000300489,Bebidas del Valle,ISO-9001
770000300490,AgroProcesados,ISO-9001
770000300491,Industrias BioFood,ISO-22000
770000300492,Industrias BioFood,ISO-22000
770000300493,Industrias BioFood,HACCP
770000300494,Global Foods,HACCP
770000300495,AgroProcesados,ISO-22000
770000300496,Global Foods,ISO-22000
770000300497,Bebidas del Valle,ISO-9001
770000300498,Industrias BioFood,ISO-14001
770000300499,NutriAlimentos Corp,ISO-9001
770000300500,Global Foods,HACCP
770000300501,AgroProcesados,ISO-9001
770000300502,AgroProcesados,Sin Certificación
770000300503,Industrias BioFood,HACCP
770000300504,Global Foods,HACCP
770000300505,NutriAlimentos Corp,Sin Certificación
770000300506,AgroProcesados,ISO-9001
770000300507,AgroProcesados,HACCP
770000300508,NutriAlimentos Corp,ISO-22000
770000300509,AgroProcesados,ISO-14001
770000300510,AgroProcesados,HACCP
770000300511,Bebidas del Valle,ISO-22000
770000300512,Industrias BioFood,HACCP
770000300513,Global Foods,ISO-9001
770000300514,AgroProcesados,ISO-9001
770000300515,Industrias BioFood,HACCP
770000300516,Global Foods,ISO-22000
770000300517,Global Foods,ISO-9001
770000300518,AgroProcesados,HACCP
770000300519,AgroProcesados,ISO-22000
770000300520,Global Foods,ISO-9001
770000300521,Global Foods,ISO-9001
770000300522,NutriAlimentos Corp,ISO-9001
770000300523,NutriAlimentos Corp,ISO-22000
770000300524,Industrias BioFood,ISO-9001
770000300525,Industrias BioFood,ISO-22000
770000300526,NutriAlimentos Corp,HACCP
770000300527,Industrias BioFood,ISO-9001
770000300528,Industrias BioFood,HACCP
770000300529,NutriAlimentos Corp,HACCP
770000300530,Industrias BioFood,ISO-22000
770000300531,NutriAlimentos Corp,ISO-14001
770000300532,AgroProcesados,ISO-9001
770000300533,NutriAlimentos Corp,ISO-22000
770000300534,Global Foods,HACCP
770000300535,AgroProcesados,Sin Certificación
770000300536,Bebidas del Valle,Sin Certificación
770000300537,AgroProcesados,Sin Certificación
770000300538,Global Foods,Sin Certificación
770000300539,Global Foods,Sin Certificación
770000300540,Global Foods,ISO-9001
770000300541,NutriAlimentos Corp,ISO-9001
770000300542,Global Foods,HACCP
770000300543,NutriAlimentos Corp,HACCP
770000300544,Industrias BioFood,ISO-14001
770000300545,Global Foods,HACCP
770000300546,Bebidas del Valle,ISO-9001
770000300547,Bebidas del Valle,ISO-14001
770000300548,AgroProcesados,ISO-22000
770000300549,NutriAlimentos Corp,ISO-14001
770000300550,Industrias BioFood,ISO-14001
770000300551,Global Foods,Sin Certificación
770000300552,Bebidas del Valle,ISO-14001
770000300553,Global Foods,Sin Certificación
770000300554,NutriAlimentos Corp,ISO-22000
770000300555,Industrias BioFood,HACCP
770000300556,Global Foods,Sin Certificación
770000300557,Bebidas del Valle,HACCP
770000300558,NutriAlimentos Corp,ISO-14001
770000300559,NutriAlimentos Corp,Sin Certificación
770000300560,Bebidas del Valle,HACCP
770000300561,Bebidas del Valle,ISO-14001
770000300562,Industrias BioFood,ISO-9001
770000300563,Industrias BioFood,Sin Certificación
770000300564,Bebidas del Valle,HACCP
770000300565,NutriAlimentos Corp,ISO-14001
770000300566,NutriAlimentos Corp,ISO-14001
770000300567,Industrias BioFood,ISO-9001
770000300568,AgroProcesados,HACCP
770000300569,AgroProcesados,ISO-14001
770000300570,Industrias BioFood,ISO-22000
770000300571,Bebidas del Valle,ISO-14001
770000300572,Global Foods,HACCP
770000300573,NutriAlimentos Corp,Sin Certificación
770000300574,Global Foods,ISO-22000
770000300575,Industrias BioFood,Sin Certificación
770000300576,Global Foods,Sin Certificación
770000300577,NutriAlimentos Corp,ISO-14001
770000300578,Global Foods,HACCP
770000300579,Bebidas del Valle,Sin Certificación
770000300580,AgroProcesados,ISO-9001
770000300581,Bebidas del Valle,Sin Certificación
770000400582,Industrias BioFood,Sin Certificación
770000400583,Industrias BioFood,ISO-14001
770000400584,Global Foods,HACCP
770000400585,AgroProcesados,ISO-9001
770000400586,Bebidas del Valle,ISO-9001
770000400587,Bebidas del Valle,HACCP
770000400588,Bebidas del Valle,ISO-22000
770000400589,Industrias BioFood,ISO-9001
770000400590,AgroProcesados,Sin Certificación
770000400591,NutriAlimentos Corp,ISO-9001
770000400592,AgroProcesados,ISO-14001
770000400593,Industrias BioFood,HACCP
770000400594,Bebidas del Valle,ISO-14001
770000400595,Industrias BioFood,ISO-14001
770000400596,Bebidas del Valle,ISO-14001
770000400597,AgroProcesados,ISO-22000
770000400598,Industrias BioFood,ISO-9001
770000400599,Industrias BioFood,Sin Certificación
770000400600,Bebidas del Valle,ISO-22000
770000400601,Bebidas del Valle,ISO-14001
770000400602,Bebidas del Valle,ISO-9001
770000400603,Industrias BioFood,ISO-9001
770000400604,NutriAlimentos Corp,HACCP
770000400605,Global Foods,HACCP
770000400606,Global Foods,HACCP
770000400607,AgroProcesados,ISO-22000
770000400608,AgroProcesados,HACCP
770000400609,Industrias BioFood,Sin Certificación
770000400610,Industrias BioFood,ISO-9001
770000400611,Industrias BioFood,HACCP
770000400612,NutriAlimentos Corp,Sin Certificación
770000400613,Industrias BioFood,HACCP
770000400614,NutriAlimentos Corp,ISO-22000
770000400615,Bebidas del Valle,ISO-9001
770000400616,Global Foods,ISO-14001
770000400617,NutriAlimentos Corp,HACCP
770000400618,NutriAlimentos Corp,ISO-14001
770000400619,Bebidas del Valle,HACCP
770000400620,AgroProcesados,ISO-14001
770000400621,Bebidas del Valle,ISO-22000
770000400622,Global Foods,ISO-9001
770000400623,Industrias BioFood,Sin Certificación
770000400624,Bebidas del Valle,Sin Certificación
770000400625,NutriAlimentos Corp,ISO-14001
770000400626,AgroProcesados,ISO-9001
770000400627,NutriAlimentos Corp,ISO-14001
770000400628,AgroProcesados,ISO-14001
770000400629,AgroProcesados,Sin Certificación
770000400630,NutriAlimentos Corp,Sin Certificación
770000400631,NutriAlimentos Corp,Sin Certificación
770000400632,Bebidas del Valle,ISO-14001
770000400633,Bebidas del Valle,Sin Certificación
770000400634,Global Foods,ISO-14001
770000400635,Industrias BioFood,HACCP
770000400636,AgroProcesados,ISO-9001
770000400637,Global Foods,ISO-14001
770000400638,Bebidas del Valle,ISO-9001
770000400639,Global Foods,ISO-22000
770000400640,Global Foods,HACCP
770000400641,Bebidas del Valle,ISO-9001
770000400642,Bebidas del Valle,HACCP
770000400643,AgroProcesados,ISO-22000
770000400644,Industrias BioFood,HACCP
770000400645,NutriAlimentos Corp,ISO-22000
770000400646,AgroProcesados,ISO-9001
770000400647,Bebidas del Valle,ISO-9001
770000400648,NutriAlimentos Corp,ISO-14001
770000400649,NutriAlimentos Corp,ISO-22000
770000400650,Industrias BioFood,ISO-22000
770000400651,AgroProcesados,ISO-22000
770000400652,Bebidas del Valle,Sin Certificación
770000400653,Bebidas del Valle,ISO-14001
770000400654,Global Foods,ISO-14001
770000400655,AgroProcesados,HACCP
770000400656,Global Foods,ISO-22000
770000400657,NutriAlimentos Corp,ISO-22000
770000400658,AgroProcesados,ISO-9001
770000400659,Industrias BioFood,ISO-9001
770000400660,Global Foods,ISO-14001
770000400661,Global Foods,HACCP
770000400662,Industrias BioFood,Sin Certificación
770000400663,AgroProcesados,HACCP
770000400664,Bebidas del Valle,Sin Certificación
770000400665,NutriAlimentos Corp,ISO-14001
770000400666,NutriAlimentos Corp,HACCP
770000400667,NutriAlimentos Corp,ISO-9001
770000400668,Bebidas del Valle,ISO-14001
770000400669,Industrias BioFood,HACCP
770000400670,AgroProcesados,HACCP
770000400671,Bebidas del Valle,ISO-22000
770000400672,Global Foods,ISO-22000
770000400673,AgroProcesados,Sin Certificación
770000400674,Global Foods,Sin Certificación
770000400675,Bebidas del Valle,Sin Certificación
770000400676,AgroProcesados,ISO-22000
770000400677,Industrias BioFood,HACCP
770000400678,Bebidas del Valle,ISO-9001
770000400679,Industrias BioFood,ISO-9001
770000400680,NutriAlimentos Corp,ISO-22000
770000400681,Global Foods,ISO-9001
770000400682,Bebidas del Valle,ISO-14001
770000400683,NutriAlimentos Corp,HACCP
770000400684,Industrias BioFood,HACCP
770000400685,Global Foods,ISO-9001
770000400686,AgroProcesados,ISO-22000
770000400687,AgroProcesados,HACCP
770000400688,Global Foods,Sin Certificación
770000400689,NutriAlimentos Corp,ISO-9001
770000400690,Global Foods,HACCP
770000400691,Global Foods,ISO-9001
770000400692,AgroProcesados,ISO-9001
770000400693,AgroProcesados,ISO-9001
770000400694,AgroProcesados,Sin Certificación
770000400695,AgroProcesados,ISO-22000
770000400696,NutriAlimentos Corp,ISO-14001
770000400697,AgroProcesados,HACCP
770000400698,Global Foods,ISO-22000
770000400699,AgroProcesados,ISO-9001
770000400700,Industrias BioFood,Sin Certificación
770000400701,Bebidas del Valle,Sin Certificación
770000400702,Global Foods,HACCP
770000400703,Industrias BioFood,HACCP
770000400704,NutriAlimentos Corp,ISO-22000
770000400705,Global Foods,ISO-14001
770000400706,Bebidas del Valle,HACCP
770000400707,NutriAlimentos Corp,ISO-22000
770000400708,Global Foods,ISO-14001
770000400709,Global Foods,ISO-22000
770000400710,Global Foods,ISO-22000
770000400711,Industrias BioFood,HACCP
770000400712,AgroProcesados,Sin Certificación
770000400713,Global Foods,ISO-9001
770000400714,AgroProcesados,ISO-9001
770000400715,Bebidas del Valle,ISO-9001
770000400716,NutriAlimentos Corp,ISO-22000
770000400717,AgroProcesados,ISO-9001
770000400718,Global Foods,ISO-14001
770000400719,AgroProcesados,ISO-14001
770000400720,AgroProcesados,ISO-14001
770000400721,Bebidas del Valle,HACCP
770000400722,AgroProcesados,ISO-9001
770000400723,Bebidas del Valle,ISO-22000
770000400724,Global Foods,Sin Certificación
770000400725,Global Foods,ISO-22000
770000400726,Industrias BioFood,HACCP
770000400727,Industrias BioFood,Sin Certificación
770000400728,NutriAlimentos Corp,Sin Certificación
770000400729,NutriAlimentos Corp,HACCP
770000400730,Industrias BioFood,Sin Certificación
770000400731,Global Foods,ISO-14001
770000400732,Global Foods,ISO-22000
770000400733,Bebidas del Valle,ISO-14001
770000400734,NutriAlimentos Corp,Sin Certificación
770000400735,AgroProcesados,ISO-22000
770000400736,AgroProcesados,ISO-9001
770000400737,Industrias BioFood,Sin Certificación
770000400738,Bebidas del Valle,HACCP
770000400739,NutriAlimentos Corp,Sin Certificación
770000400740,NutriAlimentos Corp,ISO-22000
770000400741,Global Foods,ISO-14001
770000400742,Global Foods,ISO-14001
770000400743,AgroProcesados,Sin Certificación
770000400744,AgroProcesados,ISO-14001
770000400745,AgroProcesados,Sin Certificación
770000400746,NutriAlimentos Corp,ISO-9001
770000400747,Industrias BioFood,Sin Certificación
770000400748,Bebidas del Valle,ISO-22000
770000400749,Bebidas del Valle,ISO-14001
770000400750,Industrias BioFood,ISO-22000
770000400751,Global Foods,ISO-9001
770000400752,Global Foods,ISO-9001
770000400753,Global Foods,ISO-14001
770000400754,Global Foods,ISO-9001
770000400755,Global Foods,Sin Certificación
770000400756,Industrias BioFood,Sin Certificación
770000400757,Industrias BioFood,ISO-14001
770000400758,Global Foods,ISO-22000
770000400759,AgroProcesados,ISO-9001
770000400760,AgroProcesados,HACCP
770000400761,AgroProcesados,ISO-14001
770000400762,Industrias BioFood,ISO-22000
770000400763,Bebidas del Valle,Sin Certificación
770000400764,Bebidas del Valle,HACCP
770000400765,Bebidas del Valle,ISO-9001
770000400766,Global Foods,HACCP
770000400767,Global Foods,ISO-22000
770000400768,AgroProcesados,Sin Certificación
770000400769,AgroProcesados,ISO-14001
770000400770,NutriAlimentos Corp,ISO-14001
770000400771,Industrias BioFood,Sin Certificación
770000400772,Bebidas del Valle,Sin Certificación
770000400773,AgroProcesados,Sin Certificación
770000400774,Global Foods,HACCP
770000400775,Industrias BioFood,ISO-9001
770000500776,AgroProcesados,HACCP
770000500777,Industrias BioFood,HACCP
770000500778,NutriAlimentos Corp,ISO-22000
770000500779,Global Foods,ISO-14001
770000500780,Industrias BioFood,Sin Certificación
770000500781,AgroProcesados,ISO-22000
770000500782,Bebidas del Valle,ISO-14001
770000500783,Global Foods,Sin Certificación
770000500784,Global Foods,ISO-9001
770000500785,AgroProcesados,Sin Certificación
770000500786,Global Foods,Sin Certificación
770000500787,Bebidas del Valle,HACCP
770000500788,Industrias BioFood,ISO-9001
770000500789,AgroProcesados,HACCP
770000500790,Bebidas del Valle,ISO-9001
770000500791,NutriAlimentos Corp,ISO-9001
770000500792,Bebidas del Valle,Sin Certificación
770000500793,Global Foods,HACCP
770000500794,AgroProcesados,ISO-14001
770000500795,Global Foods,ISO-9001
770000500796,Bebidas del Valle,HACCP
770000500797,AgroProcesados,HACCP
770000500798,AgroProcesados,Sin Certificación
770000500799,Global Foods,ISO-14001
770000500800,NutriAlimentos Corp,HACCP
770000500801,AgroProcesados,Sin Certificación
770000500802,Global Foods,HACCP
770000500803,Global Foods,ISO-9001
770000500804,Industrias BioFood,Sin Certificación
770000500805,Industrias BioFood,ISO-9001
770000500806,Industrias BioFood,HACCP
770000500807,Global Foods,ISO-14001
770000500808,AgroProcesados,ISO-14001
770000500809,Bebidas del Valle,ISO-9001
770000500810,AgroProcesados,HACCP
770000500811,Bebidas del Valle,ISO-9001
770000500812,NutriAlimentos Corp,Sin Certificación
770000500813,AgroProcesados,ISO-9001
770000500814,Global Foods,ISO-22000
770000500815,NutriAlimentos Corp,HACCP
770000500816,NutriAlimentos Corp,ISO-14001
770000500817,Global Foods,Sin Certificación
770000500818,NutriAlimentos Corp,ISO-9001
770000500819,Bebidas del Valle,ISO-22000
770000500820,NutriAlimentos Corp,ISO-9001
770000500821,AgroProcesados,Sin Certificación
770000500822,NutriAlimentos Corp,ISO-22000
770000500823,Global Foods,HACCP
770000500824,Industrias BioFood,ISO-22000
770000500825,Global Foods,ISO-22000
770000500826,NutriAlimentos Corp,ISO-22000
770000500827,AgroProcesados,ISO-9001
770000500828,Bebidas del Valle,ISO-9001
770000500829,Industrias BioFood,ISO-14001
770000500830,Industrias BioFood,ISO-9001
770000500831,NutriAlimentos Corp,HACCP
770000500832,NutriAlimentos Corp,HACCP
770000500833,Global Foods,Sin Certificación
770000500834,AgroProcesados,ISO-22000
770000500835,Global Foods,ISO-22000
770000500836,NutriAlimentos Corp,HACCP
770000500837,Industrias BioFood,Sin Certificación
770000500838,Global Foods,ISO-14001
770000500839,AgroProcesados,ISO-22000
770000500840,NutriAlimentos Corp,ISO-22000
770000500841,NutriAlimentos Corp,Sin Certificación
770000500842,Global Foods,HACCP
770000500843,Industrias BioFood,ISO-9001
770000500844,Industrias BioFood,ISO-9001
770000500845,Bebidas del Valle,ISO-9001
770000500846,Bebidas del Valle,Sin Certificación
770000500847,Bebidas del Valle,HACCP
770000500848,NutriAlimentos Corp,ISO-14001
770000500849,Global Foods,HACCP
770000500850,Global Foods,ISO-9001
770000500851,Global Foods,Sin Certificación
770000500852,Industrias BioFood,ISO-22000
770000500853,Industrias BioFood,ISO-22000
770000500854,AgroProcesados,HACCP
770000500855,Industrias BioFood,Sin Certificación
770000500856,NutriAlimentos Corp,ISO-22000
770000500857,Global Foods,HACCP
770000500858,AgroProcesados,HACCP
770000500859,Global Foods,ISO-22000
770000500860,Industrias BioFood,ISO-14001
770000500861,Bebidas del Valle,HACCP
770000500862,NutriAlimentos Corp,Sin Certificación
770000500863,AgroProcesados,ISO-22000
770000500864,AgroProcesados,ISO-22000
770000500865,Industrias BioFood,Sin Certificación
770000500866,AgroProcesados,ISO-22000
770000500867,Bebidas del Valle,ISO-22000
770000500868,Bebidas del Valle,ISO-14001
770000500869,NutriAlimentos Corp,ISO-22000
770000500870,Bebidas del Valle,HACCP
770000500871,Bebidas del Valle,ISO-14001
770000500872,Industrias BioFood,ISO-22000
770000500873,Bebidas del Valle,HACCP
770000500874,Industrias BioFood,HACCP
770000500875,Global Foods,ISO-9001
770000500876,Industrias BioFood,ISO-22000
770000500877,Global Foods,Sin Certificación
770000500878,NutriAlimentos Corp,HACCP
770000500879,Industrias BioFood,ISO-9001
770000500880,Global Foods,Sin Certificación
770000500881,Global Foods,ISO-9001
770000500882,Industrias BioFood,ISO-9001
770000500883,Bebidas del Valle,ISO-22000
770000500884,Bebidas del Valle,HACCP
770000500885,AgroProcesados,ISO-14001
770000500886,Global Foods,Sin Certificación
770000500887,Bebidas del Valle,ISO-22000
770000500888,NutriAlimentos Corp,ISO-9001
770000500889,Global Foods,ISO-9001
770000500890,NutriAlimentos Corp,HACCP
770000500891,AgroProcesados,Sin Certificación
770000500892,Bebidas del Valle,Sin Certificación
770000500893,NutriAlimentos Corp,ISO-9001
770000500894,Industrias BioFood,ISO-22000
770000500895,AgroProcesados,ISO-9001
770000500896,NutriAlimentos Corp,ISO-22000
770000500897,Global Foods,HACCP
770000500898,NutriAlimentos Corp,HACCP
770000500899,AgroProcesados,ISO-14001
770000500900,NutriAlimentos Corp,ISO-9001
770000500901,NutriAlimentos Corp,ISO-14001
770000500902,NutriAlimentos Corp,ISO-9001
770000500903,Industrias BioFood,ISO-14001
770000500904,NutriAlimentos Corp,ISO-22000
770000500905,NutriAlimentos Corp,HACCP
770000500906,Industrias BioFood,ISO-9001
770000500907,Bebidas del Valle,Sin Certificación
770000500908,Industrias BioFood,ISO-22000
770000500909,AgroProcesados,ISO-14001
770000500910,Industrias BioFood,ISO-22000
770000500911,AgroProcesados,HACCP
770000500912,Bebidas del Valle,ISO-9001
770000500913,Bebidas del Valle,ISO-22000
770000500914,Global Foods,ISO-22000
770000500915,Industrias BioFood,ISO-9001
770000500916,Global Foods,ISO-9001
770000500917,Global Foods,ISO-14001
770000500918,NutriAlimentos Corp,ISO-9001
770000500919,AgroProcesados,Sin Certificación
770000500920,AgroProcesados,ISO-14001
770000500921,AgroProcesados,ISO-22000
770000500922,Global Foods,ISO-9001
770000500923,Bebidas del Valle,ISO-14001
770000500924,AgroProcesados,Sin Certificación
770000500925,Bebidas del Valle,HACCP
770000500926,Bebidas del Valle,ISO-14001
770000500927,Industrias BioFood,ISO-9001
770000500928,AgroProcesados,ISO-22000
770000500929,Bebidas del Valle,ISO-22000
770000500930,Global Foods,ISO-9001
770000500931,NutriAlimentos Corp,HACCP
770000500932,AgroProcesados,ISO-9001
770000500933,Global Foods,ISO-14001
770000500934,Industrias BioFood,ISO-22000
770000500935,AgroProcesados,ISO-14001
770000500936,Bebidas del Valle,Sin Certificación
770000500937,Bebidas del Valle,Sin Certificación
770000500938,Global Foods,Sin Certificación
770000500939,Industrias BioFood,Sin Certificación
770000500940,Global Foods,HACCP
770000500941,AgroProcesados,HACCP
770000500942,AgroProcesados,HACCP
770000500943,Bebidas del Valle,ISO-22000
770000500944,NutriAlimentos Corp,HACCP
770000500945,NutriAlimentos Corp,ISO-14001
770000500946,Bebidas del Valle,ISO-22000
770000500947,Industrias BioFood,ISO-14001
770000500948,Global Foods,ISO-14001
770000500949,Industrias BioFood,ISO-14001
770000500950,Industrias BioFood,ISO-22000
770000500951,AgroProcesados,HACCP
770000500952,Global Foods,ISO-9001
770000500953,AgroProcesados,Sin Certificación
770000500954,Bebidas del Valle,ISO-9001
770000500955,Industrias BioFood,Sin Certificación
770000500956,Global Foods,HACCP
770000500957,Industrias BioFood,ISO-9001
770000500958,Industrias BioFood,HACCP
770000500959,Global Foods,ISO-9001
770000500960,Bebidas del Valle,Sin Certificación
770000500961,Global Foods,HACCP
770000500962,NutriAlimentos Corp,HACCP
770000500963,AgroProcesados,ISO-9001
770000500964,NutriAlimentos Corp,ISO-14001
770000500965,NutriAlimentos Corp,ISO-9001
770000500966,Bebidas del Valle,HACCP
770000500967,Bebidas del Valle,ISO-9001
770000500968,AgroProcesados,ISO-14001
770000500969,Global Foods,ISO-14001
770000600970,Global Foods,HACCP
770000600971,Industrias BioFood,Sin Certificación
770000600972,Global Foods,ISO-22000
770000600973,Industrias BioFood,ISO-14001
770000600974,AgroProcesados,HACCP
770000600975,Bebidas del Valle,ISO-9001
770000600976,Bebidas del Valle,ISO-14001
770000600977,Bebidas del Valle,HACCP
770000600978,Global Foods,ISO-22000
770000600979,Bebidas del Valle,HACCP
770000600980,Bebidas del Valle,Sin Certificación
770000600981,NutriAlimentos Corp,ISO-9001
770000600982,Bebidas del Valle,ISO-14001
770000600983,AgroProcesados,ISO-14001
770000600984,AgroProcesados,ISO-14001
770000600985,Global Foods,Sin Certificación
770000600986,Bebidas del Valle,ISO-9001
770000600987,Global Foods,HACCP
770000600988,NutriAlimentos Corp,ISO-9001
770000600989,Global Foods,ISO-9001
770000600990,AgroProcesados,ISO-22000
770000600991,Industrias BioFood,HACCP
770000600992,AgroProcesados,ISO-22000
770000600993,Industrias BioFood,ISO-22000
770000600994,Global Foods,ISO-9001
770000600995,Bebidas del Valle,HACCP
770000600996,Global Foods,Sin Certificación
770000600997,AgroProcesados,ISO-22000
770000600998,NutriAlimentos Corp,ISO-14001
770000600999,Global Foods,ISO-22000
770000601000,AgroProcesados,ISO-22000
770000601001,NutriAlimentos Corp,ISO-9001
770000601002,Bebidas del Valle,ISO-22000
770000601003,Industrias BioFood,Sin Certificación
770000601004,NutriAlimentos Corp,ISO-22000
770000601005,Industrias BioFood,ISO-22000
770000601006,Bebidas del Valle,Sin Certificación
770000601007,Industrias BioFood,Sin Certificación
770000601008,AgroProcesados,HACCP
770000601009,AgroProcesados,ISO-14001
770000601010,Global Foods,ISO-9001
770000601011,AgroProcesados,ISO-9001
770000601012,AgroProcesados,Sin Certificación
770000601013,AgroProcesados,Sin Certificación
770000601014,Global Foods,HACCP
770000601015,Industrias BioFood,Sin Certificación
770000601016,Global Foods,HACCP
770000601017,NutriAlimentos Corp,HACCP
770000601018,Global Foods,ISO-22000
770000601019,NutriAlimentos Corp,ISO-14001
770000601020,Global Foods,HACCP
770000601021,Global Foods,ISO-9001
770000601022,Industrias BioFood,ISO-14001
770000601023,Global Foods,ISO-9001
770000601024,Industrias BioFood,HACCP
770000601025,Bebidas del Valle,ISO-14001
770000601026,NutriAlimentos Corp,ISO-14001
770000601027,NutriAlimentos Corp,Sin Certificación
770000601028,Industrias BioFood,ISO-14001
770000601029,NutriAlimentos Corp,Sin Certificación
770000601030,AgroProcesados,ISO-22000
770000601031,Global Foods,Sin Certificación
770000601032,Bebidas del Valle,HACCP
770000601033,Industrias BioFood,ISO-9001
770000601034,AgroProcesados,ISO-9001
770000601035,Global Foods,ISO-22000
770000601036,Industrias BioFood,ISO-9001
770000601037,Industrias BioFood,Sin Certificación
770000601038,Industrias BioFood,HACCP
770000601039,Bebidas del Valle,HACCP
770000601040,Industrias BioFood,ISO-22000
770000601041,Global Foods,HACCP
770000601042,NutriAlimentos Corp,ISO-22000
770000601043,Industrias BioFood,ISO-9001
770000601044,Industrias BioFood,Sin Certificación
770000601045,AgroProcesados,ISO-22000
770000601046,NutriAlimentos Corp,ISO-14001
770000601047,Global Foods,ISO-22000
770000601048,Global Foods,ISO-14001
770000601049,NutriAlimentos Corp,ISO-14001
770000601050,NutriAlimentos Corp,ISO-9001
770000601051,AgroProcesados,ISO-22000
770000601052,AgroProcesados,Sin Certificación
770000601053,Bebidas del Valle,Sin Certificación
770000601054,AgroProcesados,ISO-22000
770000601055,NutriAlimentos Corp,Sin Certificación
770000601056,Industrias BioFood,HACCP
770000601057,Industrias BioFood,Sin Certificación
770000601058,Industrias BioFood,Sin Certificación
770000601059,Industrias BioFood,ISO-9001
770000601060,Industrias BioFood,ISO-9001
770000601061,Global Foods,HACCP
770000601062,Global Foods,ISO-14001
770000601063,Global Foods,ISO-9001
770000601064,Global Foods,ISO-9001
770000601065,NutriAlimentos Corp,HACCP
770000601066,NutriAlimentos Corp,Sin Certificación
770000601067,AgroProcesados,Sin Certificación
770000601068,NutriAlimentos Corp,ISO-22000
770000601069,Bebidas del Valle,Sin Certificación
770000601070,Bebidas del Valle,ISO-22000
770000601071,Global Foods,ISO-22000
770000601072,AgroProcesados,HACCP
770000601073,AgroProcesados,HACCP
770000601074,NutriAlimentos Corp,ISO-22000
770000601075,NutriAlimentos Corp,ISO-9001
770000601076,Industrias BioFood,HACCP
770000601077,Bebidas del Valle,HACCP
770000601078,Global Foods,ISO-14001
770000601079,Global Foods,ISO-9001
770000601080,AgroProcesados,Sin Certificación
770000601081,Bebidas del Valle,ISO-22000
770000601082,Bebidas del Valle,HACCP
770000601083,AgroProcesados,Sin Certificación
770000601084,Bebidas del Valle,ISO-22000
770000601085,Bebidas del Valle,ISO-22000
770000601086,Global Foods,ISO-14001
770000601087,Global Foods,ISO-14001
770000601088,Bebidas del Valle,ISO-9001
770000601089,NutriAlimentos Corp,ISO-9001
770000601090,Global Foods,HACCP
770000601091,Global Foods,HACCP
770000601092,Industrias BioFood,HACCP
770000601093,NutriAlimentos Corp,HACCP
770000601094,NutriAlimentos Corp,ISO-9001
770000601095,Global Foods,ISO-9001
770000601096,AgroProcesados,ISO-14001
770000601097,AgroProcesados,ISO-22000
770000601098,Industrias BioFood,ISO-9001
770000601099,NutriAlimentos Corp,ISO-22000
770000601100,Global Foods,HACCP
770000601101,Industrias BioFood,ISO-22000
770000601102,Global Foods,ISO-9001
770000601103,Industrias BioFood,ISO-22000
770000601104,Bebidas del Valle,Sin Certificación
770000601105,Bebidas del Valle,ISO-9001
770000601106,Bebidas del Valle,Sin Certificación
770000601107,AgroProcesados,Sin Certificación
770000601108,NutriAlimentos Corp,Sin Certificación
770000601109,NutriAlimentos Corp,ISO-22000
770000601110,Global Foods,ISO-14001
770000601111,Industrias BioFood,HACCP
770000601112,AgroProcesados,Sin Certificación
770000601113,AgroProcesados,ISO-22000
770000601114,NutriAlimentos Corp,Sin Certificación
770000601115,Global Foods,HACCP
770000601116,Bebidas del Valle,ISO-14001
770000601117,Global Foods,ISO-14001
770000601118,AgroProcesados,Sin Certificación
770000601119,Global Foods,ISO-14001
770000601120,NutriAlimentos Corp,HACCP
770000601121,AgroProcesados,ISO-14001
770000601122,Global Foods,ISO-22000
770000601123,NutriAlimentos Corp,Sin Certificación
770000601124,Global Foods,Sin Certificación
770000601125,Bebidas del Valle,Sin Certificación
770000601126,Industrias BioFood,ISO-22000
770000601127,NutriAlimentos Corp,ISO-9001
770000601128,Industrias BioFood,ISO-9001
770000601129,Industrias BioFood,HACCP
770000601130,Industrias BioFood,HACCP
770000601131,NutriAlimentos Corp,HACCP
770000601132,Bebidas del Valle,HACCP
770000601133,NutriAlimentos Corp,ISO-9001
770000601134,Industrias BioFood,ISO-22000
770000601135,NutriAlimentos Corp,ISO-22000
770000601136,Bebidas del Valle,ISO-14001
770000601137,Bebidas del Valle,Sin Certificación
770000601138,AgroProcesados,ISO-14001
770000601139,Bebidas del Valle,ISO-9001
770000601140,Industrias BioFood,ISO-22000
770000601141,Industrias BioFood,ISO-22000
770000601142,Industrias BioFood,HACCP
770000601143,AgroProcesados,HACCP
770000601144,NutriAlimentos Corp,ISO-9001
770000601145,Bebidas del Valle,ISO-22000
770000601146,NutriAlimentos Corp,Sin Certificación
770000601147,Global Foods,ISO-14001
770000601148,Global Foods,Sin Certificación
770000601149,AgroProcesados,ISO-14001
770000601150,Global Foods,ISO-22000
770000601151,AgroProcesados,ISO-9001
770000601152,Global Foods,ISO-9001
770000601153,Industrias BioFood,ISO-9001
770000601154,NutriAlimentos Corp,Sin Certificación
770000601155,Bebidas del Valle,ISO-9001
770000601156,Bebidas del Valle,ISO-22000
770000601157,Industrias BioFood,Sin Certificación
770000601158,Bebidas del Valle,ISO-9001
770000601159,Global Foods,ISO-22000
770000601160,AgroProcesados,Sin Certificación
770000601161,Global Foods,ISO-14001
770000601162,Bebidas del Valle,HACCP
770000601163,Bebidas del Valle,ISO-22000
770000701164,NutriAlimentos Corp,Sin Certificación
770000701165,Bebidas del Valle,Sin Certificación
770000701166,Industrias BioFood,ISO-14001
770000701167,Global Foods,HACCP
770000701168,Bebidas del Valle,Sin Certificación
770000701169,NutriAlimentos Corp,ISO-14001
770000701170,Industrias BioFood,Sin Certificación
770000701171,NutriAlimentos Corp,ISO-22000
770000701172,Global Foods,ISO-22000
770000701173,Bebidas del Valle,ISO-9001
770000701174,AgroProcesados,Sin Certificación
770000701175,Global Foods,ISO-14001
770000701176,Industrias BioFood,ISO-14001
770000701177,Industrias BioFood,Sin Certificación
770000701178,Global Foods,HACCP
770000701179,AgroProcesados,HACCP
770000701180,Bebidas del Valle,ISO-14001
770000701181,Industrias BioFood,HACCP
770000701182,NutriAlimentos Corp,ISO-14001
770000701183,Global Foods,HACCP
770000701184,NutriAlimentos Corp,HACCP
770000701185,Industrias BioFood,HACCP
770000701186,Bebidas del Valle,Sin Certificación
770000701187,NutriAlimentos Corp,ISO-9001
770000701188,Global Foods,ISO-22000
770000701189,AgroProcesados,HACCP
770000701190,Bebidas del Valle,Sin Certificación
770000701191,Industrias BioFood,ISO-9001
770000701192,AgroProcesados,HACCP
770000701193,Industrias BioFood,HACCP
770000701194,Industrias BioFood,HACCP
770000701195,Bebidas del Valle,Sin Certificación
770000701196,AgroProcesados,Sin Certificación
770000701197,AgroProcesados,ISO-22000
770000701198,NutriAlimentos Corp,ISO-9001
770000701199,AgroProcesados,HACCP
770000701200,AgroProcesados,ISO-22000
770000701201,NutriAlimentos Corp,ISO-9001
770000701202,Global Foods,Sin Certificación
770000701203,Industrias BioFood,ISO-9001
770000701204,Global Foods,HACCP
770000701205,Industrias BioFood,ISO-22000
770000701206,NutriAlimentos Corp,ISO-9001
770000701207,Global Foods,ISO-9001
770000701208,NutriAlimentos Corp,ISO-9001
770000701209,Bebidas del Valle,ISO-22000
770000701210,Global Foods,ISO-9001
770000701211,Global Foods,ISO-9001
770000701212,Global Foods,HACCP
770000701213,Industrias BioFood,ISO-9001
770000701214,Bebidas del Valle,ISO-9001
770000701215,NutriAlimentos Corp,Sin Certificación
770000701216,AgroProcesados,ISO-14001
770000701217,Industrias BioFood,ISO-22000
770000701218,Bebidas del Valle,HACCP
770000701219,NutriAlimentos Corp,ISO-9001
770000701220,Global Foods,ISO-22000
770000701221,Industrias BioFood,ISO-14001
770000701222,AgroProcesados,Sin Certificación
770000701223,Bebidas del Valle,ISO-22000
770000701224,AgroProcesados,ISO-9001
770000701225,Industrias BioFood,HACCP
770000701226,AgroProcesados,ISO-14001
770000701227,Global Foods,ISO-22000
770000701228,Industrias BioFood,ISO-9001
770000701229,Industrias BioFood,ISO-22000
770000701230,AgroProcesados,ISO-9001
770000701231,AgroProcesados,ISO-22000
770000701232,Bebidas del Valle,ISO-14001
770000701233,Bebidas del Valle,ISO-22000
770000701234,Industrias BioFood,HACCP
770000701235,Bebidas del Valle,ISO-9001
770000701236,Bebidas del Valle,Sin Certificación
770000701237,Bebidas del Valle,ISO-9001
770000701238,AgroProcesados,ISO-14001
770000701239,AgroProcesados,ISO-9001
770000701240,NutriAlimentos Corp,ISO-22000
770000701241,Global Foods,ISO-22000
770000701242,NutriAlimentos Corp,ISO-22000
770000701243,Industrias BioFood,ISO-22000
770000701244,NutriAlimentos Corp,Sin Certificación
770000701245,AgroProcesados,HACCP
770000701246,AgroProcesados,ISO-9001
770000701247,Industrias BioFood,Sin Certificación
770000701248,Industrias BioFood,ISO-9001
770000701249,Industrias BioFood,ISO-22000
770000701250,NutriAlimentos Corp,HACCP
770000701251,Industrias BioFood,HACCP
770000701252,AgroProcesados,HACCP
770000701253,Industrias BioFood,ISO-9001
770000701254,AgroProcesados,ISO-14001
770000701255,Global Foods,ISO-22000
770000701256,Industrias BioFood,ISO-9001
770000701257,Bebidas del Valle,ISO-14001
770000701258,Global Foods,ISO-9001
770000701259,AgroProcesados,Sin Certificación
770000701260,NutriAlimentos Corp,ISO-22000
770000701261,Global Foods,HACCP
770000701262,Global Foods,ISO-14001
770000701263,Global Foods,HACCP
770000701264,AgroProcesados,ISO-14001
770000701265,Industrias BioFood,HACCP
770000701266,NutriAlimentos Corp,ISO-14001
770000701267,NutriAlimentos Corp,ISO-14001
770000701268,Industrias BioFood,HACCP
770000701269,Global Foods,HACCP
770000701270,Global Foods,Sin Certificación
770000701271,Bebidas del Valle,ISO-22000
770000701272,Bebidas del Valle,ISO-14001
770000701273,Bebidas del Valle,Sin Certificación
770000701274,Global Foods,ISO-14001
770000701275,AgroProcesados,ISO-14001
770000701276,Industrias BioFood,Sin Certificación
770000701277,Global Foods,ISO-9001
770000701278,NutriAlimentos Corp,ISO-22000
770000701279,AgroProcesados,HACCP
770000701280,AgroProcesados,ISO-14001
770000701281,Industrias BioFood,Sin Certificación
770000701282,Industrias BioFood,HACCP
770000701283,AgroProcesados,Sin Certificación
770000701284,Industrias BioFood,ISO-14001
770000701285,Global Foods,Sin Certificación
770000701286,Bebidas del Valle,ISO-14001
770000701287,Global Foods,ISO-22000
770000701288,Global Foods,ISO-9001
770000701289,Global Foods,ISO-14001
770000701290,Bebidas del Valle,ISO-9001
770000701291,Industrias BioFood,ISO-22000
770000701292,Global Foods,Sin Certificación
770000701293,Industrias BioFood,ISO-9001
770000701294,Global Foods,HACCP
770000701295,Global Foods,ISO-14001
770000701296,Global Foods,HACCP
770000701297,Global Foods,ISO-9001
770000701298,AgroProcesados,Sin Certificación
770000701299,Global Foods,ISO-22000
770000701300,Industrias BioFood,ISO-14001
770000701301,NutriAlimentos Corp,HACCP
770000701302,AgroProcesados,HACCP
770000701303,AgroProcesados,Sin Certificación
770000701304,NutriAlimentos Corp,Sin Certificación
770000701305,Global Foods,ISO-9001
770000701306,AgroProcesados,ISO-22000
770000701307,Global Foods,ISO-9001
770000701308,Bebidas del Valle,ISO-14001
770000701309,Global Foods,ISO-22000
770000701310,Industrias BioFood,ISO-22000
770000701311,AgroProcesados,ISO-9001
770000701312,Global Foods,ISO-14001
770000701313,Bebidas del Valle,ISO-14001
770000701314,NutriAlimentos Corp,ISO-22000
770000701315,Global Foods,HACCP
770000701316,Global Foods,ISO-9001
770000701317,NutriAlimentos Corp,ISO-9001
770000701318,Bebidas del Valle,ISO-9001
770000701319,NutriAlimentos Corp,HACCP
770000701320,AgroProcesados,ISO-14001
770000701321,AgroProcesados,ISO-14001
770000701322,AgroProcesados,ISO-9001
770000701323,NutriAlimentos Corp,HACCP
770000701324,Industrias BioFood,HACCP
770000701325,NutriAlimentos Corp,HACCP
770000701326,AgroProcesados,ISO-14001
770000701327,NutriAlimentos Corp,ISO-14001
770000701328,NutriAlimentos Corp,ISO-9001
770000701329,Global Foods,ISO-22000
770000701330,NutriAlimentos Corp,ISO-14001
770000701331,NutriAlimentos Corp,HACCP
770000701332,Global Foods,HACCP
770000701333,NutriAlimentos Corp,ISO-9001
770000701334,Global Foods,Sin Certificación
770000701335,Global Foods,ISO-14001
770000701336,Bebidas del Valle,ISO-22000
770000701337,Industrias BioFood,ISO-14001
770000701338,NutriAlimentos Corp,HACCP
770000701339,Industrias BioFood,Sin Certificación
770000701340,Bebidas del Valle,Sin Certificación
770000701341,NutriAlimentos Corp,ISO-14001
770000701342,Bebidas del Valle,ISO-22000
770000701343,Global Foods,HACCP
770000701344,Global Foods,ISO-9001
770000701345,Bebidas del Valle,HACCP
770000701346,AgroProcesados,ISO-14001
770000701347,Global Foods,HACCP
770000701348,Bebidas del Valle,ISO-14001
770000701349,NutriAlimentos Corp,ISO-9001
770000701350,NutriAlimentos Corp,Sin Certificación
770000701351,NutriAlimentos Corp,ISO-9001
770000701352,NutriAlimentos Corp,ISO-14001
770000701353,NutriAlimentos Corp,HACCP
770000701354,Industrias BioFood,HACCP
770000701355,Bebidas del Valle,ISO-9001
770000701356,Bebidas del Valle,HACCP
770000701357,Global Foods,ISO-9001
770000801358,Global Foods,Sin Certificación
770000801359,NutriAlimentos Corp,ISO-22000
770000801360,Bebidas del Valle,ISO-22000
770000801361,AgroProcesados,HACCP
770000801362,NutriAlimentos Corp,Sin Certificación
770000801363,NutriAlimentos Corp,ISO-14001
770000801364,AgroProcesados,ISO-14001
770000801365,Bebidas del Valle,Sin Certificación
770000801366,Bebidas del Valle,ISO-14001
770000801367,Industrias BioFood,Sin Certificación
770000801368,AgroProcesados,ISO-14001
770000801369,Bebidas del Valle,ISO-14001
770000801370,AgroProcesados,ISO-22000
770000801371,Bebidas del Valle,ISO-9001
770000801372,Global Foods,Sin Certificación
770000801373,NutriAlimentos Corp,ISO-14001
770000801374,Global Foods,HACCP
770000801375,Industrias BioFood,ISO-14001
770000801376,NutriAlimentos Corp,Sin Certificación
770000801377,AgroProcesados,HACCP
770000801378,NutriAlimentos Corp,ISO-14001
770000801379,Global Foods,ISO-14001
770000801380,AgroProcesados,Sin Certificación
770000801381,AgroProcesados,HACCP
770000801382,AgroProcesados,Sin Certificación
770000801383,Global Foods,Sin Certificación
770000801384,Global Foods,ISO-9001
770000801385,Global Foods,ISO-22000
770000801386,AgroProcesados,ISO-14001
770000801387,NutriAlimentos Corp,ISO-14001
770000801388,Global Foods,ISO-9001
770000801389,Industrias BioFood,HACCP
770000801390,NutriAlimentos Corp,ISO-22000
770000801391,Global Foods,Sin Certificación
770000801392,Industrias BioFood,ISO-14001
770000801393,AgroProcesados,ISO-9001
770000801394,Bebidas del Valle,ISO-22000
770000801395,NutriAlimentos Corp,ISO-14001
770000801396,AgroProcesados,HACCP
770000801397,NutriAlimentos Corp,ISO-14001
770000801398,NutriAlimentos Corp,ISO-14001
770000801399,Industrias BioFood,HACCP
770000801400,Industrias BioFood,Sin Certificación
770000801401,Bebidas del Valle,ISO-22000
770000801402,Industrias BioFood,ISO-22000
770000801403,Global Foods,ISO-9001
770000801404,Industrias BioFood,ISO-22000
770000801405,NutriAlimentos Corp,HACCP
770000801406,AgroProcesados,Sin Certificación
770000801407,NutriAlimentos Corp,ISO-22000
770000801408,NutriAlimentos Corp,ISO-9001
770000801409,AgroProcesados,ISO-9001
770000801410,Global Foods,ISO-9001
770000801411,NutriAlimentos Corp,ISO-9001
770000801412,AgroProcesados,HACCP
770000801413,Industrias BioFood,ISO-9001
770000801414,Global Foods,ISO-14001
770000801415,Global Foods,ISO-22000
770000801416,Industrias BioFood,ISO-14001
770000801417,Industrias BioFood,Sin Certificación
770000801418,Bebidas del Valle,ISO-9001
770000801419,AgroProcesados,ISO-22000
770000801420,NutriAlimentos Corp,ISO-14001
770000801421,NutriAlimentos Corp,HACCP
770000801422,NutriAlimentos Corp,Sin Certificación
770000801423,AgroProcesados,Sin Certificación
770000801424,Bebidas del Valle,HACCP
770000801425,Bebidas del Valle,HACCP
770000801426,Industrias BioFood,HACCP
770000801427,NutriAlimentos Corp,ISO-22000
770000801428,Bebidas del Valle,ISO-22000
770000801429,Industrias BioFood,ISO-22000
770000801430,Industrias BioFood,ISO-14001
770000801431,AgroProcesados,ISO-9001
770000801432,Bebidas del Valle,HACCP
770000801433,Global Foods,Sin Certificación
770000801434,NutriAlimentos Corp,ISO-22000
770000801435,Industrias BioFood,HACCP
770000801436,Industrias BioFood,HACCP
770000801437,Industrias BioFood,Sin Certificación
770000801438,Bebidas del Valle,ISO-14001
770000801439,Global Foods,HACCP
770000801440,Industrias BioFood,Sin Certificación
770000801441,NutriAlimentos Corp,ISO-14001
770000801442,AgroProcesados,ISO-9001
770000801443,Global Foods,ISO-14001
770000801444,Industrias BioFood,ISO-22000
770000801445,Bebidas del Valle,ISO-14001
770000801446,Bebidas del Valle,HACCP
770000801447,Bebidas del Valle,HACCP
770000801448,NutriAlimentos Corp,ISO-14001
770000801449,Bebidas del Valle,ISO-14001
770000801450,Global Foods,ISO-9001
770000801451,Bebidas del Valle,ISO-14001
770000801452,NutriAlimentos Corp,Sin Certificación
770000801453,Bebidas del Valle,ISO-9001
770000801454,NutriAlimentos Corp,ISO-22000
770000801455,Global Foods,ISO-22000
770000801456,Bebidas del Valle,ISO-9001
770000801457,AgroProcesados,HACCP
770000801458,Bebidas del Valle,Sin Certificación
770000801459,AgroProcesados,HACCP
770000801460,NutriAlimentos Corp,ISO-14001
770000801461,Global Foods,ISO-14001
770000801462,AgroProcesados,ISO-22000
770000801463,Industrias BioFood,ISO-14001
770000801464,Global Foods,ISO-9001
770000801465,Global Foods,HACCP
770000801466,Industrias BioFood,ISO-14001
770000801467,AgroProcesados,ISO-9001
770000801468,NutriAlimentos Corp,ISO-9001
770000801469,Global Foods,Sin Certificación
770000801470,Global Foods,Sin Certificación
770000801471,Bebidas del Valle,ISO-9001
770000801472,AgroProcesados,HACCP
770000801473,Industrias BioFood,HACCP
770000801474,Industrias BioFood,Sin Certificación
770000801475,Bebidas del Valle,ISO-14001
770000801476,Global Foods,ISO-22000
770000801477,Global Foods,HACCP
770000801478,Bebidas del Valle,ISO-9001
770000801479,Bebidas del Valle,ISO-22000
770000801480,Global Foods,ISO-14001
770000801481,AgroProcesados,Sin Certificación
770000801482,Bebidas del Valle,ISO-22000
770000801483,Bebidas del Valle,Sin Certificación
770000801484,Industrias BioFood,HACCP
770000801485,Bebidas del Valle,Sin Certificación
770000801486,Global Foods,ISO-22000
770000801487,Bebidas del Valle,Sin Certificación
770000801488,Industrias BioFood,Sin Certificación
770000801489,Bebidas del Valle,ISO-9001
770000801490,Bebidas del Valle,HACCP
770000801491,Industrias BioFood,ISO-22000
770000801492,Global Foods,Sin Certificación
770000801493,Global Foods,ISO-9001
770000801494,AgroProcesados,Sin Certificación
770000801495,Bebidas del Valle,HACCP
770000801496,Bebidas del Valle,HACCP
770000801497,Industrias BioFood,Sin Certificación
770000801498,Global Foods,Sin Certificación
770000801499,Industrias BioFood,ISO-22000
770000801500,Industrias BioFood,HACCP
770000801501,AgroProcesados,Sin Certificación
770000801502,AgroProcesados,ISO-14001
770000801503,Bebidas del Valle,ISO-9001
770000801504,Industrias BioFood,ISO-14001
770000801505,Global Foods,ISO-14001
770000801506,Bebidas del Valle,ISO-9001
770000801507,Industrias BioFood,ISO-22000
770000801508,NutriAlimentos Corp,ISO-9001
770000801509,AgroProcesados,ISO-22000
770000801510,Global Foods,Sin Certificación
770000801511,Global Foods,ISO-14001
770000801512,NutriAlimentos Corp,ISO-22000
770000801513,Bebidas del Valle,ISO-22000
770000801514,NutriAlimentos Corp,Sin Certificación
770000801515,Global Foods,ISO-9001
770000801516,AgroProcesados,ISO-14001
770000801517,Global Foods,ISO-22000
770000801518,Industrias BioFood,ISO-14001
770000801519,NutriAlimentos Corp,ISO-9001
770000801520,NutriAlimentos Corp,ISO-22000
770000801521,Industrias BioFood,ISO-9001
770000801522,AgroProcesados,ISO-22000
770000801523,Bebidas del Valle,Sin Certificación
770000801524,Global Foods,ISO-22000
770000801525,AgroProcesados,Sin Certificación
770000801526,NutriAlimentos Corp,Sin Certificación
770000801527,NutriAlimentos Corp,ISO-14001
770000801528,NutriAlimentos Corp,ISO-14001
770000801529,AgroProcesados,HACCP
770000801530,AgroProcesados,ISO-14001
770000801531,Industrias BioFood,ISO-9001
770000801532,Bebidas del Valle,Sin Certificación
770000801533,Industrias BioFood,Sin Certificación
770000801534,Industrias BioFood,ISO-14001
770000801535,AgroProcesados,ISO-9001
770000801536,AgroProcesados,ISO-22000
770000801537,Industrias BioFood,HACCP
770000801538,AgroProcesados,HACCP
770000801539,Bebidas del Valle,ISO-22000
770000801540,NutriAlimentos Corp,HACCP
770000801541,Global Foods,ISO-14001
770000801542,Global Foods,ISO-14001
770000801543,AgroProcesados,HACCP
770000801544,Global Foods,HACCP
770000801545,NutriAlimentos Corp,ISO-22000
770000801546,NutriAlimentos Corp,HACCP
770000801547,Industrias BioFood,ISO-14001
770000801548,Industrias BioFood,ISO-22000
770000801549,Bebidas del Valle,Sin Certificación
770000801550,Industrias BioFood,ISO-14001
770000801551,Industrias BioFood,ISO-22000
770000901552,Industrias BioFood,ISO-14001
770000901553,AgroProcesados,Sin Certificación
770000901554,Global Foods,ISO-14001
770000901555,Global Foods,ISO-9001
770000901556,Industrias BioFood,ISO-22000
770000901557,AgroProcesados,Sin Certificación
770000901558,Industrias BioFood,Sin Certificación
770000901559,Bebidas del Valle,HACCP
770000901560,Global Foods,ISO-22000
770000901561,Global Foods,ISO-9001
770000901562,Global Foods,ISO-9001
770000901563,NutriAlimentos Corp,ISO-9001
770000901564,NutriAlimentos Corp,ISO-22000
770000901565,Industrias BioFood,ISO-9001
770000901566,AgroProcesados,ISO-14001
770000901567,Bebidas del Valle,ISO-9001
770000901568,AgroProcesados,ISO-14001
770000901569,NutriAlimentos Corp,Sin Certificación
770000901570,NutriAlimentos Corp,HACCP
770000901571,Bebidas del Valle,ISO-22000
770000901572,Global Foods,ISO-14001
770000901573,AgroProcesados,Sin Certificación
770000901574,NutriAlimentos Corp,ISO-22000
770000901575,AgroProcesados,HACCP
770000901576,Global Foods,ISO-14001
770000901577,Industrias BioFood,ISO-14001
770000901578,Industrias BioFood,ISO-22000
770000901579,NutriAlimentos Corp,HACCP
770000901580,NutriAlimentos Corp,ISO-14001
770000901581,NutriAlimentos Corp,HACCP
770000901582,NutriAlimentos Corp,ISO-9001
770000901583,Bebidas del Valle,ISO-9001
770000901584,Bebidas del Valle,ISO-14001
770000901585,AgroProcesados,ISO-9001
770000901586,Industrias BioFood,ISO-9001
770000901587,AgroProcesados,ISO-14001
770000901588,Global Foods,Sin Certificación
770000901589,NutriAlimentos Corp,HACCP
770000901590,Industrias BioFood,ISO-14001
770000901591,Global Foods,HACCP
770000901592,Global Foods,ISO-9001
770000901593,Bebidas del Valle,ISO-14001
770000901594,NutriAlimentos Corp,HACCP
770000901595,Bebidas del Valle,ISO-14001
770000901596,NutriAlimentos Corp,Sin Certificación
770000901597,Industrias BioFood,HACCP
770000901598,NutriAlimentos Corp,HACCP
770000901599,Bebidas del Valle,ISO-14001
770000901600,AgroProcesados,ISO-9001
770000901601,Bebidas del Valle,Sin Certificación
770000901602,NutriAlimentos Corp,HACCP
770000901603,Bebidas del Valle,Sin Certificación
770000901604,Bebidas del Valle,ISO-14001
770000901605,Global Foods,ISO-14001
770000901606,Industrias BioFood,ISO-9001
770000901607,Bebidas del Valle,ISO-9001
770000901608,Global Foods,Sin Certificación
770000901609,AgroProcesados,ISO-9001
770000901610,NutriAlimentos Corp,ISO-22000
770000901611,AgroProcesados,Sin Certificación
770000901612,Industrias BioFood,ISO-9001
770000901613,Global Foods,HACCP
770000901614,Bebidas del Valle,ISO-14001
770000901615,Bebidas del Valle,HACCP
770000901616,Global Foods,ISO-22000
770000901617,Industrias BioFood,ISO-9001
770000901618,Industrias BioFood,ISO-22000
770000901619,Global Foods,HACCP
770000901620,NutriAlimentos Corp,ISO-9001
770000901621,Industrias BioFood,Sin Certificación
770000901622,Global Foods,ISO-22000
770000901623,Bebidas del Valle,ISO-9001
770000901624,Global Foods,HACCP
770000901625,NutriAlimentos Corp,Sin Certificación
770000901626,NutriAlimentos Corp,ISO-9001
770000901627,Bebidas del Valle,Sin Certificación
770000901628,Industrias BioFood,ISO-14001
770000901629,Global Foods,HACCP
770000901630,NutriAlimentos Corp,ISO-22000
770000901631,Industrias BioFood,HACCP
770000901632,AgroProcesados,Sin Certificación
770000901633,NutriAlimentos Corp,ISO-14001
770000901634,AgroProcesados,Sin Certificación
770000901635,Global Foods,ISO-14001
770000901636,NutriAlimentos Corp,HACCP
770000901637,Bebidas del Valle,ISO-22000
770000901638,Industrias BioFood,ISO-14001
770000901639,Industrias BioFood,ISO-14001
770000901640,Industrias BioFood,ISO-22000
770000901641,NutriAlimentos Corp,HACCP
770000901642,NutriAlimentos Corp,ISO-9001
770000901643,Global Foods,ISO-14001
770000901644,NutriAlimentos Corp,Sin Certificación
770000901645,AgroProcesados,ISO-22000
770000901646,AgroProcesados,ISO-14001
770000901647,AgroProcesados,ISO-9001
770000901648,Global Foods,HACCP
770000901649,NutriAlimentos Corp,HACCP
770000901650,Industrias BioFood,HACCP
770000901651,Bebidas del Valle,ISO-14001
770000901652,Bebidas del Valle,ISO-9001
770000901653,Industrias BioFood,ISO-14001
770000901654,NutriAlimentos Corp,ISO-9001
770000901655,Global Foods,ISO-9001
770000901656,Global Foods,ISO-9001
770000901657,NutriAlimentos Corp,ISO-14001
770000901658,Global Foods,ISO-14001
770000901659,AgroProcesados,ISO-14001
770000901660,Bebidas del Valle,HACCP
770000901661,NutriAlimentos Corp,ISO-9001
770000901662,Global Foods,ISO-22000
770000901663,Global Foods,ISO-14001
770000901664,AgroProcesados,ISO-22000
770000901665,NutriAlimentos Corp,HACCP
770000901666,Bebidas del Valle,ISO-22000
770000901667,NutriAlimentos Corp,ISO-9001
770000901668,Industrias BioFood,Sin Certificación
770000901669,Industrias BioFood,ISO-9001
770000901670,Industrias BioFood,HACCP
770000901671,Bebidas del Valle,Sin Certificación
770000901672,Bebidas del Valle,ISO-9001
770000901673,Industrias BioFood,ISO-22000
770000901674,Industrias BioFood,ISO-14001
770000901675,Global Foods,ISO-9001
770000901676,Global Foods,ISO-22000
770000901677,Industrias BioFood,Sin Certificación
770000901678,Global Foods,ISO-9001
770000901679,Industrias BioFood,HACCP
770000901680,Industrias BioFood,HACCP
770000901681,Global Foods,ISO-14001
770000901682,Industrias BioFood,ISO-14001
770000901683,Industrias BioFood,ISO-14001
770000901684,Bebidas del Valle,ISO-14001
770000901685,AgroProcesados,ISO-9001
770000901686,Global Foods,ISO-22000
770000901687,Industrias BioFood,ISO-14001
770000901688,Global Foods,ISO-9001
770000901689,Global Foods,Sin Certificación
770000901690,Industrias BioFood,Sin Certificación
770000901691,Global Foods,Sin Certificación
770000901692,Industrias BioFood,Sin Certificación
770000901693,Global Foods,ISO-14001
770000901694,NutriAlimentos Corp,ISO-22000
770000901695,AgroProcesados,HACCP
770000901696,Bebidas del Valle,ISO-9001
770000901697,Bebidas del Valle,ISO-14001
770000901698,AgroProcesados,HACCP
770000901699,AgroProcesados,ISO-9001
770000901700,AgroProcesados,ISO-14001
770000901701,Industrias BioFood,HACCP
770000901702,Industrias BioFood,HACCP
770000901703,Global Foods,ISO-22000
770000901704,NutriAlimentos Corp,ISO-22000
770000901705,Industrias BioFood,HACCP
770000901706,Industrias BioFood,ISO-22000
770000901707,NutriAlimentos Corp,ISO-9001
770000901708,Bebidas del Valle,ISO-9001
770000901709,NutriAlimentos Corp,ISO-14001
770000901710,Global Foods,HACCP
770000901711,Industrias BioFood,ISO-9001
770000901712,Industrias BioFood,ISO-22000
770000901713,NutriAlimentos Corp,HACCP
770000901714,AgroProcesados,ISO-9001
770000901715,NutriAlimentos Corp,ISO-9001
770000901716,Global Foods,Sin Certificación
770000901717,NutriAlimentos Corp,Sin Certificación
770000901718,Industrias BioFood,ISO-14001
770000901719,Bebidas del Valle,Sin Certificación
770000901720,Bebidas del Valle,ISO-9001
770000901721,Bebidas del Valle,HACCP
770000901722,AgroProcesados,ISO-14001
770000901723,Global Foods,ISO-22000
770000901724,Industrias BioFood,ISO-9001
770000901725,NutriAlimentos Corp,HACCP
770000901726,Global Foods,ISO-22000
770000901727,AgroProcesados,ISO-9001
770000901728,Industrias BioFood,Sin Certificación
770000901729,Industrias BioFood,Sin Certificación
770000901730,Industrias BioFood,ISO-22000
770000901731,Bebidas del Valle,ISO-9001
770000901732,AgroProcesados,HACCP
770000901733,Bebidas del Valle,ISO-14001
770000901734,NutriAlimentos Corp,ISO-14001
770000901735,Industrias BioFood,ISO-9001
770000901736,Bebidas del Valle,ISO-9001
770000901737,Bebidas del Valle,ISO-14001
770000901738,AgroProcesados,ISO-9001
770000901739,Global Foods,ISO-9001
770000901740,NutriAlimentos Corp,Sin Certificación
770000901741,Global Foods,HACCP
770000901742,AgroProcesados,ISO-14001
770000901743,NutriAlimentos Corp,Sin Certificación
770000901744,Industrias BioFood,ISO-22000
770000901745,Bebidas del Valle,ISO-9001
770001001746,AgroProcesados,ISO-14001
770001001747,Industrias BioFood,Sin Certificación
770001001748,NutriAlimentos Corp,ISO-9001
770001001749,Bebidas del Valle,ISO-9001
770001001750,Bebidas del Valle,ISO-14001
770001001751,NutriAlimentos Corp,Sin Certificación
770001001752,AgroProcesados,ISO-9001
770001001753,Global Foods,ISO-9001
770001001754,Global Foods,ISO-14001
770001001755,Industrias BioFood,ISO-22000
770001001756,NutriAlimentos Corp,ISO-14001
770001001757,Bebidas del Valle,HACCP
770001001758,Bebidas del Valle,ISO-9001
770001001759,NutriAlimentos Corp,ISO-22000
770001001760,AgroProcesados,ISO-14001
770001001761,Global Foods,ISO-22000
770001001762,Global Foods,ISO-9001
770001001763,Bebidas del Valle,ISO-22000
770001001764,Bebidas del Valle,ISO-22000
770001001765,NutriAlimentos Corp,HACCP
770001001766,Global Foods,ISO-9001
770001001767,NutriAlimentos Corp,HACCP
770001001768,Global Foods,HACCP
770001001769,AgroProcesados,HACCP
770001001770,AgroProcesados,ISO-9001
770001001771,NutriAlimentos Corp,ISO-14001
770001001772,NutriAlimentos Corp,ISO-22000
770001001773,Bebidas del Valle,ISO-9001
770001001774,Bebidas del Valle,Sin Certificación
770001001775,NutriAlimentos Corp,Sin Certificación
770001001776,NutriAlimentos Corp,HACCP
770001001777,Bebidas del Valle,HACCP
770001001778,AgroProcesados,ISO-9001
770001001779,NutriAlimentos Corp,ISO-9001
770001001780,NutriAlimentos Corp,Sin Certificación
770001001781,Bebidas del Valle,ISO-9001
770001001782,NutriAlimentos Corp,HACCP
770001001783,Global Foods,HACCP
770001001784,NutriAlimentos Corp,ISO-14001
770001001785,Industrias BioFood,ISO-9001
770001001786,NutriAlimentos Corp,HACCP
770001001787,Global Foods,ISO-9001
770001001788,Bebidas del Valle,ISO-14001
770001001789,NutriAlimentos Corp,ISO-22000
770001001790,AgroProcesados,ISO-22000
770001001791,Bebidas del Valle,HACCP
770001001792,Industrias BioFood,HACCP
770001001793,NutriAlimentos Corp,Sin Certificación
770001001794,AgroProcesados,ISO-22000
770001001795,Global Foods,Sin Certificación
770001001796,Industrias BioFood,ISO-14001
770001001797,Global Foods,Sin Certificación
770001001798,Global Foods,ISO-22000
770001001799,Bebidas del Valle,ISO-22000
770001001800,Global Foods,Sin Certificación
770001001801,Industrias BioFood,Sin Certificación
770001001802,Industrias BioFood,HACCP
770001001803,Global Foods,HACCP
770001001804,NutriAlimentos Corp,ISO-9001
770001001805,Industrias BioFood,Sin Certificación
770001001806,NutriAlimentos Corp,Sin Certificación
770001001807,Industrias BioFood,ISO-14001
770001001808,Bebidas del Valle,ISO-14001
770001001809,Industrias BioFood,ISO-14001
770001001810,Bebidas del Valle,ISO-14001
770001001811,Bebidas del Valle,ISO-14001
770001001812,Industrias BioFood,ISO-14001
770001001813,AgroProcesados,ISO-14001
770001001814,AgroProcesados,ISO-14001
770001001815,Global Foods,ISO-22000
770001001816,Bebidas del Valle,HACCP
770001001817,Global Foods,ISO-9001
770001001818,Global Foods,HACCP
770001001819,Bebidas del Valle,ISO-14001
770001001820,AgroProcesados,HACCP
770001001821,Global Foods,HACCP
770001001822,NutriAlimentos Corp,HACCP
770001001823,Global Foods,Sin Certificación
770001001824,Bebidas del Valle,HACCP
770001001825,Global Foods,ISO-14001
770001001826,AgroProcesados,HACCP
770001001827,Industrias BioFood,ISO-14001
770001001828,NutriAlimentos Corp,Sin Certificación
770001001829,Industrias BioFood,HACCP
770001001830,Bebidas del Valle,ISO-22000
770001001831,Bebidas del Valle,HACCP
770001001832,Global Foods,HACCP
770001001833,Global Foods,HACCP
770001001834,Bebidas del Valle,Sin Certificación
770001001835,Global Foods,ISO-14001
770001001836,NutriAlimentos Corp,ISO-22000
770001001837,Global Foods,ISO-14001
770001001838,Industrias BioFood,ISO-14001
770001001839,AgroProcesados,ISO-22000
770001001840,Bebidas del Valle,ISO-9001
770001001841,AgroProcesados,ISO-9001
770001001842,AgroProcesados,HACCP
770001001843,AgroProcesados,Sin Certificación
770001001844,Industrias BioFood,ISO-9001
770001001845,Global Foods,HACCP
770001001846,AgroProcesados,ISO-14001
770001001847,Bebidas del Valle,HACCP
770001001848,Industrias BioFood,ISO-9001
770001001849,AgroProcesados,ISO-14001
770001001850,Industrias BioFood,ISO-14001
770001001851,Bebidas del Valle,ISO-22000
770001001852,AgroProcesados,ISO-14001
770001001853,AgroProcesados,Sin Certificación
770001001854,AgroProcesados,ISO-22000
770001001855,NutriAlimentos Corp,HACCP
770001001856,NutriAlimentos Corp,ISO-22000
770001001857,NutriAlimentos Corp,ISO-9001
770001001858,NutriAlimentos Corp,ISO-9001
770001001859,NutriAlimentos Corp,ISO-22000
770001001860,Industrias BioFood,ISO-14001
770001001861,AgroProcesados,HACCP
770001001862,NutriAlimentos Corp,ISO-14001
770001001863,NutriAlimentos Corp,HACCP
770001001864,Global Foods,ISO-9001
770001001865,Bebidas del Valle,Sin Certificación
770001001866,NutriAlimentos Corp,Sin Certificación
770001001867,AgroProcesados,ISO-22000
770001001868,Global Foods,ISO-22000
770001001869,Global Foods,ISO-14001
770001001870,AgroProcesados,HACCP
770001001871,Bebidas del Valle,ISO-22000
770001001872,NutriAlimentos Corp,ISO-14001
770001001873,Industrias BioFood,ISO-9001
770001001874,AgroProcesados,HACCP
770001001875,AgroProcesados,Sin Certificación
770001001876,Bebidas del Valle,ISO-22000
770001001877,Bebidas del Valle,Sin Certificación
770001001878,AgroProcesados,ISO-22000
770001001879,Bebidas del Valle,ISO-14001
770001001880,NutriAlimentos Corp,Sin Certificación
770001001881,NutriAlimentos Corp,Sin Certificación
770001001882,Industrias BioFood,ISO-14001
770001001883,Bebidas del Valle,HACCP
770001001884,Global Foods,ISO-9001
770001001885,AgroProcesados,ISO-14001
770001001886,Global Foods,HACCP
770001001887,Bebidas del Valle,Sin Certificación
770001001888,Global Foods,ISO-22000
770001001889,Industrias BioFood,Sin Certificación
770001001890,Bebidas del Valle,Sin Certificación
770001001891,NutriAlimentos Corp,ISO-22000
770001001892,Industrias BioFood,ISO-14001
770001001893,Bebidas del Valle,ISO-14001
770001001894,NutriAlimentos Corp,ISO-9001
770001001895,Industrias BioFood,HACCP
770001001896,Industrias BioFood,Sin Certificación
770001001897,Industrias BioFood,ISO-22000
770001001898,Industrias BioFood,ISO-14001
770001001899,AgroProcesados,Sin Certificación
770001001900,Global Foods,ISO-14001
770001001901,Bebidas del Valle,Sin Certificación
770001001902,NutriAlimentos Corp,ISO-22000
770001001903,Industrias BioFood,Sin Certificación
770001001904,Global Foods,ISO-22000
770001001905,Bebidas del Valle,Sin Certificación
770001001906,AgroProcesados,HACCP
770001001907,Bebidas del Valle,Sin Certificación
770001001908,Bebidas del Valle,ISO-9001
770001001909,Industrias BioFood,Sin Certificación
770001001910,AgroProcesados,ISO-9001
770001001911,Industrias BioFood,ISO-9001
770001001912,AgroProcesados,Sin Certificación
770001001913,Global Foods,ISO-14001
770001001914,Global Foods,HACCP
770001001915,Industrias BioFood,ISO-22000
770001001916,Global Foods,ISO-22000
770001001917,Global Foods,ISO-14001
770001001918,AgroProcesados,HACCP
770001001919,NutriAlimentos Corp,HACCP
770001001920,Global Foods,ISO-14001
770001001921,Global Foods,HACCP
770001001922,NutriAlimentos Corp,ISO-14001
770001001923,Bebidas del Valle,ISO-9001
770001001924,Bebidas del Valle,HACCP
770001001925,Global Foods,ISO-9001
770001001926,Global Foods,ISO-22000
770001001927,NutriAlimentos Corp,ISO-9001
770001001928,Bebidas del Valle,Sin Certificación
770001001929,Global Foods,ISO-9001
770001001930,Industrias BioFood,HACCP
770001001931,Industrias BioFood,Sin Certificación
770001001932,Bebidas del Valle,ISO-14001
770001001933,Industrias BioFood,ISO-14001
770001001934,Industrias BioFood,HACCP
770001001935,AgroProcesados,HACCP
770001001936,AgroProcesados,ISO-14001
770001001937,Bebidas del Valle,HACCP
770001001938,Industrias BioFood,ISO-9001
770001001939,Global Foods,Sin Certificación
770001101940,AgroProcesados,HACCP
770001101941,Global Foods,ISO-22000
770001101942,Industrias BioFood,HACCP
770001101943,Bebidas del Valle,ISO-14001
770001101944,AgroProcesados,ISO-14001
770001101945,Global Foods,HACCP
770001101946,Industrias BioFood,ISO-9001
770001101947,NutriAlimentos Corp,ISO-22000
770001101948,Global Foods,ISO-9001
770001101949,AgroProcesados,Sin Certificación
770001101950,Bebidas del Valle,ISO-9001
770001101951,AgroProcesados,ISO-9001
770001101952,NutriAlimentos Corp,HACCP
770001101953,Bebidas del Valle,Sin Certificación
770001101954,AgroProcesados,ISO-22000
770001101955,AgroProcesados,HACCP
770001101956,Bebidas del Valle,ISO-14001
770001101957,NutriAlimentos Corp,ISO-22000
770001101958,NutriAlimentos Corp,HACCP
770001101959,AgroProcesados,Sin Certificación
770001101960,Industrias BioFood,ISO-14001
770001101961,Global Foods,ISO-9001
770001101962,NutriAlimentos Corp,ISO-9001
770001101963,Industrias BioFood,ISO-9001
770001101964,Industrias BioFood,ISO-9001
770001101965,Industrias BioFood,ISO-9001
770001101966,Industrias BioFood,ISO-22000
770001101967,Industrias BioFood,HACCP
770001101968,Bebidas del Valle,ISO-14001
770001101969,Industrias BioFood,ISO-9001
770001101970,Global Foods,ISO-14001
770001101971,Industrias BioFood,Sin Certificación
770001101972,NutriAlimentos Corp,Sin Certificación
770001101973,AgroProcesados,ISO-9001
770001101974,Global Foods,ISO-22000
770001101975,Industrias BioFood,ISO-22000
770001101976,AgroProcesados,Sin Certificación
770001101977,AgroProcesados,Sin Certificación
770001101978,Industrias BioFood,ISO-9001
770001101979,AgroProcesados,Sin Certificación
770001101980,Bebidas del Valle,ISO-9001
770001101981,Global Foods,HACCP
770001101982,Industrias BioFood,ISO-14001
770001101983,Bebidas del Valle,ISO-14001
770001101984,Bebidas del Valle,ISO-9001
770001101985,NutriAlimentos Corp,ISO-14001
770001101986,Bebidas del Valle,ISO-22000
770001101987,Bebidas del Valle,ISO-14001
770001101988,Global Foods,ISO-9001
770001101989,Global Foods,ISO-22000
770001101990,Industrias BioFood,ISO-9001
770001101991,Bebidas del Valle,ISO-22000
770001101992,Industrias BioFood,HACCP
770001101993,AgroProcesados,ISO-14001
770001101994,Global Foods,ISO-9001
770001101995,Industrias BioFood,HACCP
770001101996,NutriAlimentos Corp,Sin Certificación
770001101997,Industrias BioFood,ISO-9001
770001101998,Global Foods,ISO-22000
770001101999,Bebidas del Valle,Sin Certificación
770001102000,Bebidas del Valle,ISO-9001
770001102001,NutriAlimentos Corp,HACCP
770001102002,Bebidas del Valle,ISO-14001
770001102003,Global Foods,Sin Certificación
770001102004,Global Foods,Sin Certificación
770001102005,Bebidas del Valle,ISO-14001
770001102006,Bebidas del Valle,ISO-22000
770001102007,Industrias BioFood,Sin Certificación
770001102008,Global Foods,ISO-22000
770001102009,Bebidas del Valle,ISO-22000
770001102010,AgroProcesados,ISO-9001
770001102011,Global Foods,ISO-9001
770001102012,NutriAlimentos Corp,HACCP
770001102013,Global Foods,HACCP
770001102014,AgroProcesados,ISO-22000
770001102015,AgroProcesados,Sin Certificación
770001102016,NutriAlimentos Corp,ISO-9001
770001102017,Industrias BioFood,ISO-14001
770001102018,Global Foods,ISO-14001
770001102019,AgroProcesados,ISO-9001
770001102020,NutriAlimentos Corp,ISO-22000
770001102021,Bebidas del Valle,ISO-22000
770001102022,AgroProcesados,ISO-14001
770001102023,AgroProcesados,HACCP
770001102024,NutriAlimentos Corp,HACCP
770001102025,Bebidas del Valle,ISO-22000
770001102026,Global Foods,HACCP
770001102027,Global Foods,ISO-9001
770001102028,AgroProcesados,Sin Certificación
770001102029,Bebidas del Valle,Sin Certificación
770001102030,NutriAlimentos Corp,ISO-22000
770001102031,Bebidas del Valle,Sin Certificación
770001102032,NutriAlimentos Corp,ISO-22000
770001102033,NutriAlimentos Corp,ISO-14001
770001102034,Bebidas del Valle,Sin Certificación
770001102035,AgroProcesados,Sin Certificación
770001102036,Global Foods,ISO-9001
770001102037,Bebidas del Valle,HACCP
770001102038,AgroProcesados,Sin Certificación
770001102039,Global Foods,ISO-14001
770001102040,Global Foods,Sin Certificación
770001102041,Global Foods,ISO-14001
770001102042,Global Foods,ISO-14001
770001102043,NutriAlimentos Corp,HACCP
770001102044,NutriAlimentos Corp,ISO-9001
770001102045,Industrias BioFood,HACCP
770001102046,NutriAlimentos Corp,HACCP
770001102047,AgroProcesados,Sin Certificación
770001102048,Industrias BioFood,ISO-14001
770001102049,AgroProcesados,HACCP
770001102050,Global Foods,Sin Certificación
770001102051,NutriAlimentos Corp,ISO-9001
770001102052,NutriAlimentos Corp,ISO-9001
770001102053,NutriAlimentos Corp,ISO-14001
770001102054,Global Foods,HACCP
770001102055,AgroProcesados,Sin Certificación
770001102056,Global Foods,ISO-9001
770001102057,AgroProcesados,ISO-14001
770001102058,Industrias BioFood,HACCP
770001102059,Global Foods,ISO-22000
770001102060,AgroProcesados,ISO-9001
770001102061,Global Foods,ISO-22000
770001102062,Bebidas del Valle,ISO-9001
770001102063,AgroProcesados,ISO-9001
770001102064,Bebidas del Valle,HACCP
770001102065,Bebidas del Valle,ISO-9001
770001102066,NutriAlimentos Corp,Sin Certificación
770001102067,Global Foods,HACCP
770001102068,AgroProcesados,Sin Certificación
770001102069,AgroProcesados,ISO-9001
770001102070,Bebidas del Valle,ISO-14001
770001102071,AgroProcesados,Sin Certificación
770001102072,NutriAlimentos Corp,Sin Certificación
770001102073,Industrias BioFood,ISO-9001
770001102074,Industrias BioFood,Sin Certificación
770001102075,Global Foods,HACCP
770001102076,Bebidas del Valle,ISO-14001
770001102077,AgroProcesados,ISO-14001
770001102078,AgroProcesados,HACCP
770001102079,NutriAlimentos Corp,ISO-14001
770001102080,Industrias BioFood,Sin Certificación
770001102081,Bebidas del Valle,ISO-9001
770001102082,NutriAlimentos Corp,ISO-14001
770001102083,Global Foods,ISO-14001
770001102084,Industrias BioFood,ISO-22000
770001102085,Bebidas del Valle,ISO-14001
770001102086,Global Foods,Sin Certificación
770001102087,NutriAlimentos Corp,ISO-9001
770001102088,Industrias BioFood,Sin Certificación
770001102089,Global Foods,ISO-9001
770001102090,NutriAlimentos Corp,ISO-14001
770001102091,Industrias BioFood,HACCP
770001102092,Industrias BioFood,HACCP
770001102093,Bebidas del Valle,ISO-9001
770001102094,Industrias BioFood,HACCP
770001102095,AgroProcesados,ISO-9001
770001102096,Bebidas del Valle,ISO-9001
770001102097,AgroProcesados,ISO-22000
770001102098,NutriAlimentos Corp,Sin Certificación
770001102099,AgroProcesados,Sin Certificación
770001102100,Industrias BioFood,ISO-22000
770001102101,Industrias BioFood,HACCP
770001102102,NutriAlimentos Corp,HACCP
770001102103,Industrias BioFood,Sin Certificación
770001102104,NutriAlimentos Corp,ISO-22000
770001102105,Global Foods,ISO-14001
770001102106,Bebidas del Valle,HACCP
770001102107,NutriAlimentos Corp,HACCP
770001102108,NutriAlimentos Corp,ISO-9001
770001102109,Bebidas del Valle,HACCP
770001102110,Global Foods,ISO-14001
770001102111,Bebidas del Valle,ISO-14001
770001102112,Industrias BioFood,ISO-9001
770001102113,Global Foods,ISO-9001
770001102114,AgroProcesados,HACCP
770001102115,Global Foods,ISO-22000
770001102116,Bebidas del Valle,ISO-22000
770001102117,Global Foods,ISO-22000
770001102118,Global Foods,Sin Certificación
770001102119,NutriAlimentos Corp,ISO-9001
770001102120,Bebidas del Valle,ISO-9001
770001102121,Bebidas del Valle,Sin Certificación
770001102122,Bebidas del Valle,HACCP
770001102123,Global Foods,ISO-9001
770001102124,Industrias BioFood,Sin Certificación
770001102125,NutriAlimentos Corp,ISO-14001
770001102126,Industrias BioFood,Sin Certificación
770001102127,Global Foods,ISO-14001
770001102128,Industrias BioFood,HACCP
770001102129,AgroProcesados,ISO-22000
770001102130,Bebidas del Valle,ISO-9001
770001102131,Industrias BioFood,HACCP
770001102132,AgroProcesados,Sin Certificación
770001102133,NutriAlimentos Corp,ISO-14001
770001202134,Industrias BioFood,ISO-14001
770001202135,Bebidas del Valle,Sin Certificación
770001202136,NutriAlimentos Corp,ISO-14001
770001202137,NutriAlimentos Corp,Sin Certificación
770001202138,Global Foods,HACCP
770001202139,Bebidas del Valle,ISO-22000
770001202140,Global Foods,ISO-9001
770001202141,Global Foods,ISO-22000
770001202142,Bebidas del Valle,ISO-14001
770001202143,NutriAlimentos Corp,ISO-9001
770001202144,Bebidas del Valle,ISO-22000
770001202145,NutriAlimentos Corp,ISO-14001
770001202146,Global Foods,ISO-14001
770001202147,Industrias BioFood,ISO-14001
770001202148,AgroProcesados,ISO-22000
770001202149,Global Foods,ISO-14001
770001202150,Industrias BioFood,Sin Certificación
770001202151,AgroProcesados,HACCP
770001202152,Industrias BioFood,Sin Certificación
770001202153,Global Foods,Sin Certificación
770001202154,Bebidas del Valle,ISO-9001
770001202155,Bebidas del Valle,Sin Certificación
770001202156,Industrias BioFood,ISO-22000
770001202157,Industrias BioFood,Sin Certificación
770001202158,Industrias BioFood,Sin Certificación
770001202159,Industrias BioFood,ISO-22000
770001202160,NutriAlimentos Corp,ISO-22000
770001202161,NutriAlimentos Corp,HACCP
770001202162,NutriAlimentos Corp,Sin Certificación
770001202163,NutriAlimentos Corp,HACCP
770001202164,Industrias BioFood,Sin Certificación
770001202165,Industrias BioFood,ISO-9001
770001202166,NutriAlimentos Corp,ISO-14001
770001202167,Bebidas del Valle,ISO-22000
770001202168,NutriAlimentos Corp,ISO-14001
770001202169,NutriAlimentos Corp,ISO-22000
770001202170,NutriAlimentos Corp,ISO-14001
770001202171,NutriAlimentos Corp,ISO-9001
770001202172,NutriAlimentos Corp,HACCP
770001202173,NutriAlimentos Corp,HACCP
770001202174,AgroProcesados,ISO-9001
770001202175,AgroProcesados,HACCP
770001202176,AgroProcesados,ISO-9001
770001202177,Bebidas del Valle,HACCP
770001202178,AgroProcesados,ISO-14001
770001202179,Industrias BioFood,ISO-22000
770001202180,Global Foods,ISO-9001
770001202181,Global Foods,HACCP
770001202182,Global Foods,HACCP
770001202183,Bebidas del Valle,Sin Certificación
770001202184,AgroProcesados,ISO-22000
770001202185,Global Foods,HACCP
770001202186,Industrias BioFood,ISO-22000
770001202187,Global Foods,ISO-22000
770001202188,NutriAlimentos Corp,ISO-14001
770001202189,Global Foods,HACCP
770001202190,Industrias BioFood,HACCP
770001202191,Bebidas del Valle,ISO-9001
770001202192,AgroProcesados,HACCP
770001202193,NutriAlimentos Corp,ISO-22000
770001202194,Bebidas del Valle,Sin Certificación
770001202195,Global Foods,ISO-14001
770001202196,Bebidas del Valle,ISO-9001
770001202197,Industrias BioFood,ISO-9001
770001202198,Global Foods,ISO-22000
770001202199,Global Foods,Sin Certificación
770001202200,Global Foods,ISO-9001
770001202201,Industrias BioFood,ISO-22000
770001202202,Global Foods,ISO-22000
770001202203,Bebidas del Valle,ISO-22000
770001202204,Global Foods,ISO-14001
770001202205,Bebidas del Valle,HACCP
770001202206,Global Foods,Sin Certificación
770001202207,AgroProcesados,Sin Certificación
770001202208,Industrias BioFood,ISO-22000
770001202209,Global Foods,ISO-22000
770001202210,Global Foods,ISO-14001
770001202211,Industrias BioFood,Sin Certificación
770001202212,AgroProcesados,HACCP
770001202213,Industrias BioFood,ISO-14001
770001202214,AgroProcesados,Sin Certificación
770001202215,NutriAlimentos Corp,HACCP
770001202216,Global Foods,ISO-22000
770001202217,Global Foods,ISO-14001
770001202218,Bebidas del Valle,Sin Certificación
770001202219,NutriAlimentos Corp,HACCP
770001202220,Bebidas del Valle,Sin Certificación
770001202221,Industrias BioFood,ISO-22000
770001202222,Industrias BioFood,ISO-22000
770001202223,Global Foods,ISO-22000
770001202224,Global Foods,HACCP
770001202225,Global Foods,Sin Certificación
770001202226,NutriAlimentos Corp,ISO-22000
770001202227,Industrias BioFood,Sin Certificación
770001202228,AgroProcesados,ISO-14001
770001202229,AgroProcesados,ISO-14001
770001202230,Industrias BioFood,Sin Certificación
770001202231,Industrias BioFood,Sin Certificación
770001202232,Bebidas del Valle,ISO-9001
770001202233,NutriAlimentos Corp,Sin Certificación
770001202234,AgroProcesados,ISO-14001
770001202235,Industrias BioFood,Sin Certificación
770001202236,Bebidas del Valle,ISO-9001
770001202237,AgroProcesados,ISO-14001
770001202238,Global Foods,Sin Certificación
770001202239,Bebidas del Valle,HACCP
770001202240,NutriAlimentos Corp,ISO-9001
770001202241,Bebidas del Valle,ISO-9001
770001202242,NutriAlimentos Corp,Sin Certificación
770001202243,Industrias BioFood,ISO-9001
770001202244,Global Foods,HACCP
770001202245,Bebidas del Valle,ISO-14001
770001202246,AgroProcesados,ISO-9001
770001202247,NutriAlimentos Corp,Sin Certificación
770001202248,Bebidas del Valle,ISO-14001
770001202249,NutriAlimentos Corp,ISO-9001
770001202250,Bebidas del Valle,Sin Certificación
770001202251,Industrias BioFood,ISO-14001
770001202252,Industrias BioFood,ISO-9001
770001202253,AgroProcesados,Sin Certificación
770001202254,AgroProcesados,Sin Certificación
770001202255,NutriAlimentos Corp,ISO-22000
770001202256,NutriAlimentos Corp,ISO-14001
770001202257,Bebidas del Valle,ISO-9001
770001202258,Bebidas del Valle,ISO-14001
770001202259,Bebidas del Valle,ISO-9001
770001202260,AgroProcesados,ISO-14001
770001202261,Industrias BioFood,HACCP
770001202262,NutriAlimentos Corp,ISO-14001
770001202263,AgroProcesados,ISO-22000
770001202264,NutriAlimentos Corp,ISO-22000
770001202265,Bebidas del Valle,ISO-9001
770001202266,Bebidas del Valle,Sin Certificación
770001202267,Bebidas del Valle,ISO-9001
770001202268,Industrias BioFood,ISO-14001
770001202269,NutriAlimentos Corp,ISO-14001
770001202270,AgroProcesados,ISO-14001
770001202271,Bebidas del Valle,ISO-14001
770001202272,NutriAlimentos Corp,HACCP
770001202273,Bebidas del Valle,ISO-9001
770001202274,Bebidas del Valle,ISO-14001
770001202275,Bebidas del Valle,ISO-9001
770001202276,Industrias BioFood,ISO-14001
770001202277,NutriAlimentos Corp,Sin Certificación
770001202278,Global Foods,ISO-22000
770001202279,Bebidas del Valle,HACCP
770001202280,Industrias BioFood,HACCP
770001202281,NutriAlimentos Corp,ISO-14001
770001202282,AgroProcesados,ISO-14001
770001202283,Industrias BioFood,Sin Certificación
770001202284,AgroProcesados,ISO-14001
770001202285,AgroProcesados,ISO-14001
770001202286,NutriAlimentos Corp,ISO-9001
770001202287,NutriAlimentos Corp,ISO-9001
770001202288,AgroProcesados,ISO-22000
770001202289,AgroProcesados,ISO-22000
770001202290,Bebidas del Valle,HACCP
770001202291,Bebidas del Valle,Sin Certificación
770001202292,AgroProcesados,ISO-22000
770001202293,NutriAlimentos Corp,Sin Certificación
770001202294,Bebidas del Valle,ISO-22000
770001202295,NutriAlimentos Corp,ISO-9001
770001202296,Industrias BioFood,ISO-22000
770001202297,Bebidas del Valle,ISO-14001
770001202298,NutriAlimentos Corp,ISO-22000
770001202299,NutriAlimentos Corp,HACCP
770001202300,Bebidas del Valle,ISO-22000
770001202301,Global Foods,ISO-22000
770001202302,NutriAlimentos Corp,ISO-22000
770001202303,Industrias BioFood,ISO-9001
770001202304,Industrias BioFood,ISO-22000
770001202305,Bebidas del Valle,ISO-9001
770001202306,Industrias BioFood,ISO-9001
770001202307,Industrias BioFood,ISO-14001
770001202308,NutriAlimentos Corp,HACCP
770001202309,Bebidas del Valle,ISO-9001
770001202310,Industrias BioFood,ISO-9001
770001202311,NutriAlimentos Corp,HACCP
770001202312,NutriAlimentos Corp,ISO-9001
770001202313,Global Foods,ISO-14001
770001202314,Global Foods,HACCP
770001202315,Global Foods,ISO-14001
770001202316,NutriAlimentos Corp,ISO-22000
770001202317,NutriAlimentos Corp,ISO-9001
770001202318,NutriAlimentos Corp,Sin Certificación
770001202319,NutriAlimentos Corp,ISO-14001
770001202320,Industrias BioFood,ISO-14001
770001202321,AgroProcesados,ISO-22000
770001202322,AgroProcesados,ISO-9001
770001202323,NutriAlimentos Corp,ISO-9001
770001202324,Bebidas del Valle,HACCP
770001202325,Bebidas del Valle,ISO-22000
770001202326,Global Foods,HACCP
770001202327,Bebidas del Valle,ISO-9001
770001302328,Bebidas del Valle,HACCP
770001302329,AgroProcesados,ISO-14001
770001302330,Global Foods,ISO-14001
770001302331,Bebidas del Valle,Sin Certificación
770001302332,Global Foods,ISO-22000
770001302333,Industrias BioFood,ISO-22000
770001302334,Bebidas del Valle,ISO-9001
770001302335,Industrias BioFood,ISO-9001
770001302336,NutriAlimentos Corp,Sin Certificación
770001302337,Bebidas del Valle,ISO-9001
770001302338,Global Foods,HACCP
770001302339,AgroProcesados,Sin Certificación
770001302340,NutriAlimentos Corp,ISO-9001
770001302341,Bebidas del Valle,ISO-22000
770001302342,Industrias BioFood,Sin Certificación
770001302343,Global Foods,Sin Certificación
770001302344,Global Foods,Sin Certificación
770001302345,Global Foods,HACCP
770001302346,NutriAlimentos Corp,ISO-14001
770001302347,NutriAlimentos Corp,Sin Certificación
770001302348,AgroProcesados,Sin Certificación
770001302349,Bebidas del Valle,ISO-14001
770001302350,NutriAlimentos Corp,HACCP
770001302351,Global Foods,ISO-22000
770001302352,NutriAlimentos Corp,ISO-9001
770001302353,AgroProcesados,ISO-14001
770001302354,Bebidas del Valle,ISO-9001
770001302355,Bebidas del Valle,Sin Certificación
770001302356,Bebidas del Valle,Sin Certificación
770001302357,Bebidas del Valle,ISO-9001
770001302358,AgroProcesados,ISO-22000
770001302359,AgroProcesados,ISO-22000
770001302360,NutriAlimentos Corp,ISO-14001
770001302361,Global Foods,ISO-9001
770001302362,NutriAlimentos Corp,ISO-9001
770001302363,NutriAlimentos Corp,ISO-9001
770001302364,AgroProcesados,Sin Certificación
770001302365,AgroProcesados,HACCP
770001302366,AgroProcesados,ISO-14001
770001302367,NutriAlimentos Corp,ISO-14001
770001302368,Bebidas del Valle,HACCP
770001302369,NutriAlimentos Corp,ISO-9001
770001302370,Bebidas del Valle,ISO-22000
770001302371,Global Foods,ISO-14001
770001302372,AgroProcesados,ISO-9001
770001302373,Global Foods,ISO-14001
770001302374,NutriAlimentos Corp,ISO-9001
770001302375,Bebidas del Valle,HACCP
770001302376,Bebidas del Valle,ISO-9001
770001302377,Industrias BioFood,ISO-14001
770001302378,Global Foods,ISO-14001
770001302379,Bebidas del Valle,ISO-9001
770001302380,Industrias BioFood,ISO-22000
770001302381,NutriAlimentos Corp,Sin Certificación
770001302382,Bebidas del Valle,HACCP
770001302383,Bebidas del Valle,ISO-22000
770001302384,Global Foods,ISO-22000
770001302385,Bebidas del Valle,Sin Certificación
770001302386,Bebidas del Valle,ISO-22000
770001302387,Bebidas del Valle,HACCP
770001302388,NutriAlimentos Corp,ISO-14001
770001302389,Global Foods,ISO-14001
770001302390,Bebidas del Valle,ISO-9001
770001302391,Industrias BioFood,HACCP
770001302392,Global Foods,ISO-22000
770001302393,Global Foods,Sin Certificación
770001302394,Bebidas del Valle,ISO-14001
770001302395,Industrias BioFood,ISO-22000
770001302396,Global Foods,HACCP
770001302397,Global Foods,Sin Certificación
770001302398,Bebidas del Valle,ISO-14001
770001302399,NutriAlimentos Corp,Sin Certificación
770001302400,Global Foods,ISO-22000
770001302401,Industrias BioFood,HACCP
770001302402,AgroProcesados,Sin Certificación
770001302403,AgroProcesados,ISO-9001
770001302404,Global Foods,ISO-22000
770001302405,Industrias BioFood,Sin Certificación
770001302406,Industrias BioFood,ISO-14001
770001302407,Industrias BioFood,ISO-22000
770001302408,Industrias BioFood,ISO-14001
770001302409,Industrias BioFood,HACCP
770001302410,Industrias BioFood,ISO-14001
770001302411,Bebidas del Valle,ISO-9001
770001302412,Industrias BioFood,HACCP
770001302413,Bebidas del Valle,ISO-22000
770001302414,Global Foods,HACCP
770001302415,AgroProcesados,Sin Certificación
770001302416,NutriAlimentos Corp,HACCP
770001302417,Industrias BioFood,Sin Certificación
770001302418,Bebidas del Valle,Sin Certificación
770001302419,Global Foods,ISO-14001
770001302420,Global Foods,ISO-14001
770001302421,Global Foods,ISO-22000
770001302422,AgroProcesados,ISO-9001
770001302423,Industrias BioFood,ISO-9001
770001302424,Industrias BioFood,ISO-22000
770001302425,Global Foods,HACCP
770001302426,NutriAlimentos Corp,Sin Certificación
770001302427,Industrias BioFood,ISO-14001
770001302428,Global Foods,ISO-22000
770001302429,Bebidas del Valle,ISO-22000
770001302430,Industrias BioFood,ISO-22000
770001302431,Industrias BioFood,HACCP
770001302432,Bebidas del Valle,HACCP
770001302433,Bebidas del Valle,ISO-14001
770001302434,Industrias BioFood,Sin Certificación
770001302435,Bebidas del Valle,ISO-9001
770001302436,AgroProcesados,ISO-9001
770001302437,Bebidas del Valle,ISO-22000
770001302438,AgroProcesados,ISO-22000
770001302439,NutriAlimentos Corp,ISO-22000
770001302440,Bebidas del Valle,ISO-14001
770001302441,AgroProcesados,HACCP
770001302442,NutriAlimentos Corp,HACCP
770001302443,Bebidas del Valle,HACCP
770001302444,NutriAlimentos Corp,Sin Certificación
770001302445,AgroProcesados,HACCP
770001302446,AgroProcesados,HACCP
770001302447,Global Foods,ISO-22000
770001302448,Global Foods,HACCP
770001302449,NutriAlimentos Corp,ISO-9001
770001302450,Global Foods,ISO-14001
770001302451,AgroProcesados,ISO-14001
770001302452,Global Foods,HACCP
770001302453,AgroProcesados,ISO-9001
770001302454,AgroProcesados,ISO-22000
770001302455,NutriAlimentos Corp,ISO-9001
770001302456,NutriAlimentos Corp,ISO-22000
770001302457,NutriAlimentos Corp,HACCP
770001302458,Industrias BioFood,HACCP
770001302459,Global Foods,ISO-14001
770001302460,AgroProcesados,ISO-14001
770001302461,NutriAlimentos Corp,ISO-14001
770001302462,NutriAlimentos Corp,ISO-9001
770001302463,Global Foods,ISO-14001
770001302464,AgroProcesados,ISO-14001
770001302465,Industrias BioFood,ISO-9001
770001302466,Bebidas del Valle,ISO-22000
770001302467,NutriAlimentos Corp,ISO-9001
770001302468,AgroProcesados,ISO-22000
770001302469,Global Foods,ISO-14001
770001302470,Global Foods,Sin Certificación
770001302471,Global Foods,ISO-9001
770001302472,Bebidas del Valle,Sin Certificación
770001302473,Industrias BioFood,Sin Certificación
770001302474,Industrias BioFood,ISO-9001
770001302475,NutriAlimentos Corp,ISO-22000
770001302476,Bebidas del Valle,ISO-14001
770001302477,Industrias BioFood,ISO-9001
770001302478,Bebidas del Valle,ISO-9001
770001302479,AgroProcesados,HACCP
770001302480,Industrias BioFood,ISO-9001
770001302481,Bebidas del Valle,ISO-9001
770001302482,AgroProcesados,ISO-22000
770001302483,Bebidas del Valle,ISO-9001
770001302484,NutriAlimentos Corp,Sin Certificación
770001302485,Global Foods,HACCP
770001302486,Global Foods,ISO-14001
770001302487,Bebidas del Valle,Sin Certificación
770001302488,AgroProcesados,Sin Certificación
770001302489,AgroProcesados,ISO-22000
770001302490,Industrias BioFood,ISO-22000
770001302491,NutriAlimentos Corp,HACCP
770001302492,Global Foods,ISO-22000
770001302493,AgroProcesados,ISO-9001
770001302494,NutriAlimentos Corp,Sin Certificación
770001302495,Bebidas del Valle,HACCP
770001302496,Bebidas del Valle,ISO-22000
770001302497,Global Foods,ISO-22000
770001302498,Industrias BioFood,ISO-9001
770001302499,Industrias BioFood,ISO-9001
770001302500,Global Foods,ISO-22000
770001302501,AgroProcesados,HACCP
770001302502,AgroProcesados,ISO-9001
770001302503,Global Foods,ISO-22000
770001302504,Global Foods,ISO-9001
770001302505,Global Foods,ISO-14001
770001302506,NutriAlimentos Corp,ISO-14001
770001302507,NutriAlimentos Corp,ISO-9001
770001302508,NutriAlimentos Corp,HACCP
770001302509,Global Foods,ISO-14001
770001302510,Global Foods,HACCP
770001302511,AgroProcesados,ISO-9001
770001302512,Industrias BioFood,ISO-9001
770001302513,Global Foods,HACCP
770001302514,AgroProcesados,ISO-9001
770001302515,Industrias BioFood,ISO-22000
770001302516,AgroProcesados,ISO-14001
770001302517,AgroProcesados,ISO-14001
770001302518,Global Foods,ISO-22000
770001302519,Industrias BioFood,ISO-9001
770001302520,Industrias BioFood,ISO-22000
770001302521,NutriAlimentos Corp,Sin Certificación
770001402522,NutriAlimentos Corp,ISO-9001
770001402523,Industrias BioFood,ISO-14001
770001402524,Global Foods,ISO-22000
770001402525,AgroProcesados,HACCP
770001402526,NutriAlimentos Corp,HACCP
770001402527,AgroProcesados,ISO-9001
770001402528,Industrias BioFood,ISO-22000
770001402529,Global Foods,HACCP
770001402530,Industrias BioFood,ISO-14001
770001402531,Industrias BioFood,HACCP
770001402532,Bebidas del Valle,ISO-14001
770001402533,Global Foods,ISO-9001
770001402534,Bebidas del Valle,Sin Certificación
770001402535,NutriAlimentos Corp,ISO-22000
770001402536,Bebidas del Valle,ISO-9001
770001402537,NutriAlimentos Corp,ISO-9001
770001402538,AgroProcesados,ISO-14001
770001402539,Global Foods,HACCP
770001402540,AgroProcesados,ISO-9001
770001402541,Global Foods,Sin Certificación
770001402542,Bebidas del Valle,Sin Certificación
770001402543,AgroProcesados,ISO-9001
770001402544,NutriAlimentos Corp,Sin Certificación
770001402545,AgroProcesados,ISO-14001
770001402546,Global Foods,HACCP
770001402547,Global Foods,Sin Certificación
770001402548,AgroProcesados,ISO-9001
770001402549,Bebidas del Valle,ISO-9001
770001402550,NutriAlimentos Corp,ISO-9001
770001402551,Industrias BioFood,Sin Certificación
770001402552,Bebidas del Valle,Sin Certificación
770001402553,Bebidas del Valle,Sin Certificación
770001402554,Bebidas del Valle,Sin Certificación
770001402555,Industrias BioFood,ISO-9001
770001402556,NutriAlimentos Corp,HACCP
770001402557,Bebidas del Valle,ISO-9001
770001402558,Global Foods,ISO-22000
770001402559,AgroProcesados,Sin Certificación
770001402560,Industrias BioFood,ISO-9001
770001402561,Global Foods,ISO-14001
770001402562,Bebidas del Valle,ISO-9001
770001402563,Industrias BioFood,ISO-9001
770001402564,NutriAlimentos Corp,ISO-14001
770001402565,NutriAlimentos Corp,Sin Certificación
770001402566,Bebidas del Valle,Sin Certificación
770001402567,AgroProcesados,ISO-9001
770001402568,NutriAlimentos Corp,HACCP
770001402569,Industrias BioFood,ISO-9001
770001402570,AgroProcesados,ISO-9001
770001402571,AgroProcesados,ISO-22000
770001402572,Bebidas del Valle,HACCP
770001402573,NutriAlimentos Corp,HACCP
770001402574,AgroProcesados,ISO-9001
770001402575,NutriAlimentos Corp,ISO-22000
770001402576,AgroProcesados,ISO-22000
770001402577,Industrias BioFood,ISO-22000
770001402578,Bebidas del Valle,ISO-9001
770001402579,NutriAlimentos Corp,ISO-14001
770001402580,AgroProcesados,HACCP
770001402581,NutriAlimentos Corp,ISO-9001
770001402582,Global Foods,ISO-22000
770001402583,Industrias BioFood,ISO-9001
770001402584,AgroProcesados,ISO-14001
770001402585,NutriAlimentos Corp,ISO-22000
770001402586,AgroProcesados,HACCP
770001402587,AgroProcesados,Sin Certificación
770001402588,AgroProcesados,HACCP
770001402589,NutriAlimentos Corp,ISO-9001
770001402590,AgroProcesados,ISO-9001
770001402591,Bebidas del Valle,ISO-9001
770001402592,AgroProcesados,ISO-9001
770001402593,AgroProcesados,ISO-14001
770001402594,NutriAlimentos Corp,Sin Certificación
770001402595,Bebidas del Valle,ISO-9001
770001402596,Industrias BioFood,ISO-9001
770001402597,AgroProcesados,ISO-14001
770001402598,Bebidas del Valle,ISO-22000
770001402599,Bebidas del Valle,ISO-22000
770001402600,AgroProcesados,ISO-22000
770001402601,Global Foods,Sin Certificación
770001402602,Industrias BioFood,ISO-22000
770001402603,Global Foods,ISO-22000
770001402604,Industrias BioFood,ISO-9001
770001402605,NutriAlimentos Corp,Sin Certificación
770001402606,AgroProcesados,ISO-14001
770001402607,Bebidas del Valle,ISO-22000
770001402608,AgroProcesados,ISO-22000
770001402609,Bebidas del Valle,ISO-22000
770001402610,Industrias BioFood,ISO-9001
770001402611,AgroProcesados,ISO-14001
770001402612,Global Foods,ISO-14001
770001402613,Industrias BioFood,ISO-14001
770001402614,Global Foods,ISO-9001
770001402615,Bebidas del Valle,Sin Certificación
770001402616,AgroProcesados,ISO-22000
770001402617,Bebidas del Valle,ISO-9001
770001402618,NutriAlimentos Corp,HACCP
770001402619,AgroProcesados,HACCP
770001402620,AgroProcesados,ISO-14001
770001402621,NutriAlimentos Corp,ISO-22000
770001402622,Industrias BioFood,Sin Certificación
770001402623,AgroProcesados,ISO-22000
770001402624,NutriAlimentos Corp,ISO-22000
770001402625,Bebidas del Valle,HACCP
770001402626,Industrias BioFood,ISO-22000
770001402627,Bebidas del Valle,ISO-9001
770001402628,Global Foods,Sin Certificación
770001402629,AgroProcesados,ISO-9001
770001402630,Global Foods,Sin Certificación
770001402631,Industrias BioFood,ISO-22000
770001402632,Bebidas del Valle,Sin Certificación
770001402633,Bebidas del Valle,ISO-9001
770001402634,NutriAlimentos Corp,ISO-14001
770001402635,NutriAlimentos Corp,HACCP
770001402636,Bebidas del Valle,ISO-14001
770001402637,NutriAlimentos Corp,ISO-9001
770001402638,Industrias BioFood,HACCP
770001402639,Industrias BioFood,HACCP
770001402640,AgroProcesados,ISO-14001
770001402641,Bebidas del Valle,ISO-14001
770001402642,Bebidas del Valle,ISO-22000
770001402643,NutriAlimentos Corp,HACCP
770001402644,Industrias BioFood,ISO-9001
770001402645,Industrias BioFood,ISO-14001
770001402646,Bebidas del Valle,HACCP
770001402647,Industrias BioFood,HACCP
770001402648,Bebidas del Valle,HACCP
770001402649,Global Foods,ISO-22000
770001402650,Global Foods,HACCP
770001402651,Bebidas del Valle,HACCP
770001402652,Global Foods,ISO-22000
770001402653,Industrias BioFood,ISO-14001
770001402654,Bebidas del Valle,ISO-22000
770001402655,Global Foods,ISO-14001
770001402656,Bebidas del Valle,Sin Certificación
770001402657,Bebidas del Valle,ISO-9001
770001402658,NutriAlimentos Corp,ISO-9001
770001402659,Bebidas del Valle,ISO-9001
770001402660,Bebidas del Valle,ISO-9001
770001402661,Industrias BioFood,Sin Certificación
770001402662,Industrias BioFood,HACCP
770001402663,AgroProcesados,ISO-22000
770001402664,NutriAlimentos Corp,ISO-22000
770001402665,AgroProcesados,HACCP
770001402666,Industrias BioFood,ISO-22000
770001402667,NutriAlimentos Corp,ISO-9001
770001402668,AgroProcesados,ISO-14001
770001402669,Global Foods,HACCP
770001402670,Global Foods,Sin Certificación
770001402671,Industrias BioFood,ISO-9001
770001402672,Bebidas del Valle,Sin Certificación
770001402673,Bebidas del Valle,ISO-9001
770001402674,AgroProcesados,HACCP
770001402675,Global Foods,HACCP
770001402676,AgroProcesados,Sin Certificación
770001402677,Global Foods,ISO-14001
770001402678,Bebidas del Valle,ISO-22000
770001402679,Global Foods,ISO-14001
770001402680,NutriAlimentos Corp,ISO-9001
770001402681,Global Foods,ISO-22000
770001402682,NutriAlimentos Corp,ISO-14001
770001402683,Industrias BioFood,ISO-14001
770001402684,NutriAlimentos Corp,HACCP
770001402685,NutriAlimentos Corp,Sin Certificación
770001402686,Global Foods,ISO-9001
770001402687,Bebidas del Valle,ISO-9001
770001402688,Bebidas del Valle,ISO-14001
770001402689,Bebidas del Valle,ISO-14001
770001402690,AgroProcesados,ISO-14001
770001402691,Bebidas del Valle,ISO-9001
770001402692,NutriAlimentos Corp,ISO-14001
770001402693,AgroProcesados,ISO-14001
770001402694,NutriAlimentos Corp,ISO-22000
770001402695,Global Foods,ISO-14001
770001402696,NutriAlimentos Corp,HACCP
770001402697,Bebidas del Valle,ISO-14001
770001402698,NutriAlimentos Corp,HACCP
770001402699,Global Foods,ISO-9001
770001402700,Global Foods,ISO-9001
770001402701,AgroProcesados,Sin Certificación
770001402702,Bebidas del Valle,Sin Certificación
770001402703,AgroProcesados,ISO-14001
770001402704,AgroProcesados,Sin Certificación
770001402705,Global Foods,ISO-9001
770001402706,Global Foods,ISO-9001
770001402707,Global Foods,ISO-9001
770001402708,Bebidas del Valle,HACCP
770001402709,AgroProcesados,Sin Certificación
770001402710,Bebidas del Valle,ISO-9001
770001402711,Industrias BioFood,ISO-22000
770001402712,NutriAlimentos Corp,HACCP
770001402713,NutriAlimentos Corp,ISO-22000
770001402714,Global Foods,ISO-22000
770001402715,AgroProcesados,ISO-9001
770001502716,Industrias BioFood,HACCP
770001502717,Industrias BioFood,Sin Certificación
770001502718,Global Foods,Sin Certificación
770001502719,NutriAlimentos Corp,Sin Certificación
770001502720,AgroProcesados,ISO-14001
770001502721,NutriAlimentos Corp,HACCP
770001502722,NutriAlimentos Corp,ISO-22000
770001502723,Bebidas del Valle,HACCP
770001502724,Industrias BioFood,HACCP
770001502725,Bebidas del Valle,ISO-22000
770001502726,AgroProcesados,Sin Certificación
770001502727,Bebidas del Valle,ISO-9001
770001502728,Industrias BioFood,ISO-9001
770001502729,NutriAlimentos Corp,ISO-9001
770001502730,NutriAlimentos Corp,Sin Certificación
770001502731,Industrias BioFood,ISO-22000
770001502732,NutriAlimentos Corp,ISO-9001
770001502733,AgroProcesados,ISO-14001
770001502734,Industrias BioFood,HACCP
770001502735,Global Foods,ISO-22000
770001502736,Global Foods,ISO-9001
770001502737,Bebidas del Valle,ISO-22000
770001502738,Global Foods,ISO-14001
770001502739,Global Foods,Sin Certificación
770001502740,NutriAlimentos Corp,ISO-14001
770001502741,Bebidas del Valle,ISO-14001
770001502742,Bebidas del Valle,ISO-9001
770001502743,Global Foods,Sin Certificación
770001502744,AgroProcesados,HACCP
770001502745,AgroProcesados,ISO-9001
770001502746,NutriAlimentos Corp,HACCP
770001502747,Bebidas del Valle,ISO-14001
770001502748,Bebidas del Valle,ISO-9001
770001502749,Industrias BioFood,ISO-9001
770001502750,AgroProcesados,ISO-22000
770001502751,AgroProcesados,HACCP
770001502752,Industrias BioFood,Sin Certificación
770001502753,Global Foods,Sin Certificación
770001502754,Global Foods,Sin Certificación
770001502755,NutriAlimentos Corp,ISO-22000
770001502756,Industrias BioFood,ISO-22000
770001502757,Bebidas del Valle,HACCP
770001502758,Bebidas del Valle,Sin Certificación
770001502759,NutriAlimentos Corp,Sin Certificación
770001502760,Global Foods,ISO-22000
770001502761,Industrias BioFood,ISO-22000
770001502762,Bebidas del Valle,ISO-9001
770001502763,Bebidas del Valle,ISO-22000
770001502764,AgroProcesados,ISO-22000
770001502765,Bebidas del Valle,ISO-9001
770001502766,Global Foods,ISO-22000
770001502767,Global Foods,ISO-22000
770001502768,Industrias BioFood,HACCP
770001502769,Global Foods,Sin Certificación
770001502770,AgroProcesados,ISO-14001
770001502771,Bebidas del Valle,ISO-14001
770001502772,AgroProcesados,HACCP
770001502773,NutriAlimentos Corp,HACCP
770001502774,Bebidas del Valle,ISO-14001
770001502775,AgroProcesados,ISO-22000
770001502776,AgroProcesados,ISO-9001
770001502777,Bebidas del Valle,ISO-14001
770001502778,Global Foods,ISO-14001
770001502779,Global Foods,ISO-14001
770001502780,NutriAlimentos Corp,HACCP
770001502781,Industrias BioFood,ISO-9001
770001502782,Global Foods,HACCP
770001502783,Industrias BioFood,ISO-14001
770001502784,Global Foods,ISO-14001
770001502785,AgroProcesados,ISO-9001
770001502786,NutriAlimentos Corp,ISO-9001
770001502787,Bebidas del Valle,HACCP
770001502788,NutriAlimentos Corp,Sin Certificación
770001502789,Bebidas del Valle,Sin Certificación
770001502790,NutriAlimentos Corp,ISO-9001
770001502791,Global Foods,ISO-22000
770001502792,Industrias BioFood,ISO-9001
770001502793,Industrias BioFood,Sin Certificación
770001502794,Industrias BioFood,Sin Certificación
770001502795,Global Foods,Sin Certificación
770001502796,Bebidas del Valle,ISO-9001
770001502797,Industrias BioFood,ISO-14001
770001502798,Global Foods,HACCP
770001502799,Industrias BioFood,HACCP
770001502800,NutriAlimentos Corp,ISO-9001
770001502801,Bebidas del Valle,ISO-22000
770001502802,Industrias BioFood,ISO-22000
770001502803,AgroProcesados,ISO-22000
770001502804,Global Foods,ISO-9001
770001502805,Bebidas del Valle,Sin Certificación
770001502806,Bebidas del Valle,ISO-9001
770001502807,Global Foods,ISO-9001
770001502808,Industrias BioFood,ISO-22000
770001502809,Global Foods,ISO-22000
770001502810,Global Foods,ISO-22000
770001502811,AgroProcesados,HACCP
770001502812,Industrias BioFood,ISO-22000
770001502813,Industrias BioFood,ISO-9001
770001502814,Global Foods,ISO-22000
770001502815,Global Foods,Sin Certificación
770001502816,NutriAlimentos Corp,ISO-9001
770001502817,NutriAlimentos Corp,ISO-9001
770001502818,Industrias BioFood,ISO-9001
770001502819,Industrias BioFood,ISO-9001
770001502820,Industrias BioFood,Sin Certificación
770001502821,Bebidas del Valle,ISO-22000
770001502822,Global Foods,ISO-9001
770001502823,AgroProcesados,ISO-22000
770001502824,NutriAlimentos Corp,ISO-9001
770001502825,Bebidas del Valle,ISO-9001
770001502826,Industrias BioFood,Sin Certificación
770001502827,Bebidas del Valle,ISO-22000
770001502828,Global Foods,HACCP
770001502829,Industrias BioFood,HACCP
770001502830,Bebidas del Valle,ISO-9001
770001502831,AgroProcesados,HACCP
770001502832,Global Foods,Sin Certificación
770001502833,Bebidas del Valle,ISO-9001
770001502834,Bebidas del Valle,HACCP
770001502835,Global Foods,ISO-9001
770001502836,Global Foods,ISO-22000
770001502837,NutriAlimentos Corp,HACCP
770001502838,Global Foods,ISO-9001
770001502839,AgroProcesados,Sin Certificación
770001502840,NutriAlimentos Corp,Sin Certificación
770001502841,NutriAlimentos Corp,HACCP
770001502842,Industrias BioFood,HACCP
770001502843,Bebidas del Valle,HACCP
770001502844,NutriAlimentos Corp,ISO-14001
770001502845,NutriAlimentos Corp,HACCP
770001502846,AgroProcesados,HACCP
770001502847,Global Foods,ISO-22000
770001502848,AgroProcesados,HACCP
770001502849,Industrias BioFood,ISO-9001
770001502850,AgroProcesados,Sin Certificación
770001502851,NutriAlimentos Corp,Sin Certificación
770001502852,Bebidas del Valle,HACCP
770001502853,NutriAlimentos Corp,ISO-14001
770001502854,AgroProcesados,ISO-9001
770001502855,NutriAlimentos Corp,ISO-14001
770001502856,NutriAlimentos Corp,HACCP
770001502857,AgroProcesados,ISO-22000
770001502858,Bebidas del Valle,ISO-14001
770001502859,Industrias BioFood,ISO-22000
770001502860,AgroProcesados,ISO-22000
770001502861,Industrias BioFood,ISO-14001
770001502862,Industrias BioFood,HACCP
770001502863,Global Foods,ISO-14001
770001502864,Industrias BioFood,HACCP
770001502865,Industrias BioFood,HACCP
770001502866,Industrias BioFood,ISO-22000
770001502867,NutriAlimentos Corp,Sin Certificación
770001502868,Global Foods,ISO-9001
770001502869,AgroProcesados,ISO-14001
770001502870,Global Foods,ISO-14001
770001502871,Industrias BioFood,Sin Certificación
770001502872,Bebidas del Valle,ISO-14001
770001502873,AgroProcesados,ISO-22000
770001502874,Global Foods,HACCP
770001502875,Global Foods,HACCP
770001502876,Industrias BioFood,ISO-14001
770001502877,AgroProcesados,Sin Certificación
770001502878,AgroProcesados,Sin Certificación
770001502879,AgroProcesados,ISO-14001
770001502880,Global Foods,ISO-14001
770001502881,NutriAlimentos Corp,ISO-9001
770001502882,Bebidas del Valle,HACCP
770001502883,NutriAlimentos Corp,HACCP
770001502884,NutriAlimentos Corp,ISO-9001
770001502885,Industrias BioFood,Sin Certificación
770001502886,Bebidas del Valle,Sin Certificación
770001502887,Bebidas del Valle,ISO-22000
770001502888,Global Foods,ISO-14001
770001502889,Bebidas del Valle,ISO-14001
770001502890,Industrias BioFood,Sin Certificación
770001502891,AgroProcesados,ISO-22000
770001502892,Bebidas del Valle,ISO-14001
770001502893,AgroProcesados,ISO-9001
770001502894,NutriAlimentos Corp,Sin Certificación
770001502895,NutriAlimentos Corp,Sin Certificación
770001502896,Global Foods,Sin Certificación
770001502897,NutriAlimentos Corp,ISO-22000
770001502898,AgroProcesados,ISO-22000
770001502899,AgroProcesados,Sin Certificación
770001502900,Global Foods,ISO-14001
770001502901,Bebidas del Valle,Sin Certificación
770001502902,AgroProcesados,Sin Certificación
770001502903,NutriAlimentos Corp,ISO-9001
770001502904,Global Foods,ISO-22000
770001502905,Global Foods,ISO-22000
770001502906,Global Foods,ISO-9001
770001502907,Industrias BioFood,HACCP
770001502908,Bebidas del Valle,Sin Certificación
770001502909,AgroProcesados,ISO-9001
770001602910,Global Foods,ISO-22000
770001602911,AgroProcesados,ISO-22000
770001602912,Industrias BioFood,Sin Certificación
770001602913,AgroProcesados,ISO-9001
770001602914,NutriAlimentos Corp,ISO-9001
770001602915,AgroProcesados,Sin Certificación
770001602916,Global Foods,ISO-14001
770001602917,Global Foods,ISO-9001
770001602918,AgroProcesados,Sin Certificación
770001602919,Global Foods,ISO-22000
770001602920,Bebidas del Valle,HACCP
770001602921,AgroProcesados,Sin Certificación
770001602922,Industrias BioFood,ISO-14001
770001602923,Bebidas del Valle,Sin Certificación
770001602924,Industrias BioFood,ISO-9001
770001602925,AgroProcesados,Sin Certificación
770001602926,NutriAlimentos Corp,ISO-14001
770001602927,Industrias BioFood,ISO-9001
770001602928,NutriAlimentos Corp,HACCP
770001602929,Industrias BioFood,ISO-22000
770001602930,NutriAlimentos Corp,ISO-14001
770001602931,Bebidas del Valle,ISO-14001
770001602932,Industrias BioFood,Sin Certificación
770001602933,Global Foods,ISO-9001
770001602934,Industrias BioFood,Sin Certificación
770001602935,Global Foods,ISO-14001
770001602936,Global Foods,HACCP
770001602937,NutriAlimentos Corp,ISO-22000
770001602938,NutriAlimentos Corp,ISO-9001
770001602939,Bebidas del Valle,HACCP
770001602940,AgroProcesados,ISO-22000
770001602941,Global Foods,HACCP
770001602942,NutriAlimentos Corp,ISO-9001
770001602943,NutriAlimentos Corp,Sin Certificación
770001602944,Bebidas del Valle,HACCP
770001602945,Bebidas del Valle,ISO-9001
770001602946,Industrias BioFood,ISO-14001
770001602947,Industrias BioFood,ISO-22000
770001602948,Bebidas del Valle,ISO-14001
770001602949,Bebidas del Valle,HACCP
770001602950,AgroProcesados,Sin Certificación
770001602951,Industrias BioFood,ISO-14001
770001602952,Bebidas del Valle,Sin Certificación
770001602953,NutriAlimentos Corp,ISO-14001
770001602954,Industrias BioFood,ISO-22000
770001602955,Bebidas del Valle,ISO-14001
770001602956,AgroProcesados,ISO-9001
770001602957,AgroProcesados,Sin Certificación
770001602958,Global Foods,ISO-9001
770001602959,Industrias BioFood,ISO-22000
770001602960,AgroProcesados,HACCP
770001602961,Global Foods,ISO-9001
770001602962,Industrias BioFood,HACCP
770001602963,NutriAlimentos Corp,ISO-14001
770001602964,Bebidas del Valle,Sin Certificación
770001602965,Bebidas del Valle,ISO-14001
770001602966,NutriAlimentos Corp,ISO-22000
770001602967,Global Foods,ISO-14001
770001602968,Global Foods,HACCP
770001602969,AgroProcesados,ISO-14001
770001602970,NutriAlimentos Corp,ISO-22000
770001602971,NutriAlimentos Corp,ISO-22000
770001602972,Industrias BioFood,ISO-14001
770001602973,Global Foods,Sin Certificación
770001602974,Global Foods,ISO-14001
770001602975,AgroProcesados,ISO-9001
770001602976,Industrias BioFood,Sin Certificación
770001602977,AgroProcesados,HACCP
770001602978,Bebidas del Valle,ISO-22000
770001602979,Bebidas del Valle,Sin Certificación
770001602980,AgroProcesados,ISO-14001
770001602981,Bebidas del Valle,ISO-9001
770001602982,AgroProcesados,ISO-14001
770001602983,AgroProcesados,Sin Certificación
770001602984,Bebidas del Valle,Sin Certificación
770001602985,NutriAlimentos Corp,ISO-9001
770001602986,AgroProcesados,Sin Certificación
770001602987,AgroProcesados,Sin Certificación
770001602988,AgroProcesados,ISO-22000
770001602989,Bebidas del Valle,HACCP
770001602990,Bebidas del Valle,Sin Certificación
770001602991,AgroProcesados,ISO-9001
770001602992,AgroProcesados,HACCP
770001602993,Industrias BioFood,ISO-14001
770001602994,Industrias BioFood,Sin Certificación
770001602995,Bebidas del Valle,ISO-22000
770001602996,NutriAlimentos Corp,ISO-22000
770001602997,AgroProcesados,Sin Certificación
770001602998,Industrias BioFood,ISO-14001
770001602999,Industrias BioFood,ISO-9001
770001603000,Industrias BioFood,ISO-22000
770001603001,AgroProcesados,ISO-14001
770001603002,NutriAlimentos Corp,Sin Certificación
770001603003,AgroProcesados,ISO-22000
770001603004,Bebidas del Valle,ISO-9001
770001603005,NutriAlimentos Corp,ISO-14001
770001603006,Global Foods,ISO-9001
770001603007,Bebidas del Valle,HACCP
770001603008,Global Foods,ISO-9001
770001603009,Industrias BioFood,ISO-22000
770001603010,Global Foods,Sin Certificación
770001603011,Industrias BioFood,ISO-22000
770001603012,Bebidas del Valle,HACCP
770001603013,Global Foods,Sin Certificación
770001603014,AgroProcesados,Sin Certificación
770001603015,Global Foods,ISO-22000
770001603016,Bebidas del Valle,HACCP
770001603017,Bebidas del Valle,ISO-9001
770001603018,Bebidas del Valle,ISO-22000
770001603019,AgroProcesados,ISO-9001
770001603020,NutriAlimentos Corp,HACCP
770001603021,NutriAlimentos Corp,HACCP
770001603022,Global Foods,Sin Certificación
770001603023,Bebidas del Valle,ISO-22000
770001603024,NutriAlimentos Corp,ISO-22000
770001603025,Global Foods,Sin Certificación
770001603026,NutriAlimentos Corp,ISO-9001
770001603027,AgroProcesados,HACCP
770001603028,Global Foods,HACCP
770001603029,Global Foods,HACCP
770001603030,Industrias BioFood,ISO-22000
770001603031,NutriAlimentos Corp,ISO-14001
770001603032,Bebidas del Valle,ISO-14001
770001603033,Bebidas del Valle,ISO-14001
770001603034,Bebidas del Valle,ISO-14001
770001603035,Global Foods,ISO-22000
770001603036,Global Foods,ISO-9001
770001603037,NutriAlimentos Corp,Sin Certificación
770001603038,Industrias BioFood,HACCP
770001603039,Bebidas del Valle,Sin Certificación
770001603040,Industrias BioFood,ISO-22000
770001603041,Bebidas del Valle,ISO-9001
770001603042,Global Foods,ISO-14001
770001603043,AgroProcesados,ISO-9001
770001603044,Industrias BioFood,ISO-22000
770001603045,Bebidas del Valle,ISO-14001
770001603046,AgroProcesados,ISO-22000
770001603047,NutriAlimentos Corp,Sin Certificación
770001603048,Bebidas del Valle,ISO-22000
770001603049,Bebidas del Valle,ISO-22000
770001603050,Global Foods,ISO-22000
770001603051,AgroProcesados,ISO-14001
770001603052,Global Foods,HACCP
770001603053,AgroProcesados,Sin Certificación
770001603054,Industrias BioFood,ISO-9001
770001603055,AgroProcesados,ISO-14001
770001603056,Bebidas del Valle,Sin Certificación
770001603057,Industrias BioFood,HACCP
770001603058,Industrias BioFood,Sin Certificación
770001603059,Global Foods,ISO-22000
770001603060,Industrias BioFood,ISO-22000
770001603061,Global Foods,Sin Certificación
770001603062,AgroProcesados,ISO-9001
770001603063,NutriAlimentos Corp,HACCP
770001603064,Global Foods,ISO-22000
770001603065,Industrias BioFood,HACCP
770001603066,NutriAlimentos Corp,HACCP
770001603067,Global Foods,HACCP
770001603068,Global Foods,HACCP
770001603069,Industrias BioFood,ISO-22000
770001603070,Global Foods,HACCP
770001603071,NutriAlimentos Corp,Sin Certificación
770001603072,Industrias BioFood,ISO-22000
770001603073,Industrias BioFood,ISO-9001
770001603074,Global Foods,Sin Certificación
770001603075,Global Foods,ISO-14001
770001603076,NutriAlimentos Corp,Sin Certificación
770001603077,AgroProcesados,ISO-22000
770001603078,Bebidas del Valle,ISO-9001
770001603079,NutriAlimentos Corp,ISO-14001
770001603080,Industrias BioFood,ISO-22000
770001603081,AgroProcesados,Sin Certificación
770001603082,Global Foods,Sin Certificación
770001603083,NutriAlimentos Corp,ISO-9001
770001603084,NutriAlimentos Corp,ISO-14001
770001603085,AgroProcesados,ISO-14001
770001603086,Bebidas del Valle,HACCP
770001603087,Bebidas del Valle,Sin Certificación
770001603088,Industrias BioFood,Sin Certificación
770001603089,Industrias BioFood,ISO-14001
770001603090,Bebidas del Valle,ISO-9001
770001603091,Industrias BioFood,HACCP
770001603092,Bebidas del Valle,HACCP
770001603093,AgroProcesados,ISO-9001
770001603094,Global Foods,ISO-22000
770001603095,Bebidas del Valle,ISO-14001
770001603096,Global Foods,HACCP
770001603097,Global Foods,HACCP
770001603098,Global Foods,HACCP
770001603099,Global Foods,HACCP
770001603100,Global Foods,ISO-9001
770001603101,Global Foods,ISO-22000
770001603102,Industrias BioFood,ISO-22000
770001603103,Bebidas del Valle,Sin Certificación
770001703104,NutriAlimentos Corp,ISO-9001
770001703105,NutriAlimentos Corp,ISO-14001
770001703106,Global Foods,ISO-14001
770001703107,NutriAlimentos Corp,HACCP
770001703108,Bebidas del Valle,ISO-9001
770001703109,AgroProcesados,ISO-9001
770001703110,Bebidas del Valle,Sin Certificación
770001703111,Industrias BioFood,ISO-9001
770001703112,Bebidas del Valle,ISO-14001
770001703113,Industrias BioFood,HACCP
770001703114,Global Foods,HACCP
770001703115,Bebidas del Valle,ISO-22000
770001703116,NutriAlimentos Corp,ISO-9001
770001703117,AgroProcesados,ISO-14001
770001703118,Industrias BioFood,ISO-9001
770001703119,Industrias BioFood,ISO-14001
770001703120,AgroProcesados,Sin Certificación
770001703121,Bebidas del Valle,ISO-22000
770001703122,AgroProcesados,ISO-14001
770001703123,Industrias BioFood,HACCP
770001703124,AgroProcesados,ISO-9001
770001703125,NutriAlimentos Corp,ISO-9001
770001703126,Global Foods,ISO-22000
770001703127,Global Foods,ISO-9001
770001703128,Industrias BioFood,HACCP
770001703129,Bebidas del Valle,HACCP
770001703130,Global Foods,ISO-22000
770001703131,Global Foods,ISO-14001
770001703132,Bebidas del Valle,ISO-9001
770001703133,Global Foods,ISO-14001
770001703134,Bebidas del Valle,ISO-22000
770001703135,Global Foods,Sin Certificación
770001703136,AgroProcesados,ISO-14001
770001703137,AgroProcesados,ISO-9001
770001703138,Industrias BioFood,HACCP
770001703139,Industrias BioFood,ISO-22000
770001703140,Industrias BioFood,ISO-9001
770001703141,NutriAlimentos Corp,ISO-9001
770001703142,NutriAlimentos Corp,Sin Certificación
770001703143,NutriAlimentos Corp,ISO-9001
770001703144,NutriAlimentos Corp,ISO-9001
770001703145,Global Foods,ISO-9001
770001703146,Industrias BioFood,HACCP
770001703147,Global Foods,ISO-14001
770001703148,NutriAlimentos Corp,HACCP
770001703149,Global Foods,Sin Certificación
770001703150,NutriAlimentos Corp,HACCP
770001703151,Bebidas del Valle,HACCP
770001703152,Industrias BioFood,ISO-14001
770001703153,Global Foods,ISO-22000
770001703154,Bebidas del Valle,ISO-22000
770001703155,Industrias BioFood,ISO-22000
770001703156,AgroProcesados,ISO-22000
770001703157,NutriAlimentos Corp,Sin Certificación
770001703158,Bebidas del Valle,ISO-22000
770001703159,Bebidas del Valle,ISO-9001
770001703160,Bebidas del Valle,ISO-9001
770001703161,Industrias BioFood,Sin Certificación
770001703162,NutriAlimentos Corp,ISO-9001
770001703163,Industrias BioFood,HACCP
770001703164,Global Foods,ISO-14001
770001703165,AgroProcesados,ISO-22000
770001703166,NutriAlimentos Corp,ISO-9001
770001703167,NutriAlimentos Corp,Sin Certificación
770001703168,AgroProcesados,ISO-22000
770001703169,AgroProcesados,Sin Certificación
770001703170,Bebidas del Valle,ISO-22000
770001703171,Bebidas del Valle,ISO-14001
770001703172,Global Foods,ISO-22000
770001703173,Bebidas del Valle,HACCP
770001703174,Bebidas del Valle,HACCP
770001703175,Industrias BioFood,ISO-14001
770001703176,Industrias BioFood,Sin Certificación
770001703177,Industrias BioFood,HACCP
770001703178,AgroProcesados,ISO-22000
770001703179,Bebidas del Valle,ISO-9001
770001703180,AgroProcesados,ISO-22000
770001703181,NutriAlimentos Corp,ISO-22000
770001703182,Bebidas del Valle,Sin Certificación
770001703183,Global Foods,ISO-22000
770001703184,AgroProcesados,ISO-14001
770001703185,Bebidas del Valle,Sin Certificación
770001703186,Industrias BioFood,HACCP
770001703187,Global Foods,HACCP
770001703188,Global Foods,HACCP
770001703189,AgroProcesados,ISO-22000
770001703190,NutriAlimentos Corp,ISO-14001
770001703191,Industrias BioFood,Sin Certificación
770001703192,NutriAlimentos Corp,ISO-22000
770001703193,Industrias BioFood,ISO-22000
770001703194,NutriAlimentos Corp,Sin Certificación
770001703195,AgroProcesados,ISO-14001
770001703196,Industrias BioFood,ISO-22000
770001703197,AgroProcesados,ISO-14001
770001703198,NutriAlimentos Corp,HACCP
770001703199,Global Foods,Sin Certificación
770001703200,AgroProcesados,HACCP
770001703201,Bebidas del Valle,ISO-14001
770001703202,NutriAlimentos Corp,Sin Certificación
770001703203,Industrias BioFood,HACCP
770001703204,Industrias BioFood,Sin Certificación
770001703205,AgroProcesados,Sin Certificación
770001703206,AgroProcesados,HACCP
770001703207,Industrias BioFood,ISO-9001
770001703208,AgroProcesados,HACCP
770001703209,Industrias BioFood,ISO-9001
770001703210,NutriAlimentos Corp,HACCP
770001703211,Bebidas del Valle,ISO-14001
770001703212,Bebidas del Valle,Sin Certificación
770001703213,Bebidas del Valle,ISO-14001
770001703214,Bebidas del Valle,HACCP
770001703215,Bebidas del Valle,ISO-9001
770001703216,Bebidas del Valle,ISO-22000
770001703217,Bebidas del Valle,HACCP
770001703218,NutriAlimentos Corp,HACCP
770001703219,AgroProcesados,HACCP
770001703220,Global Foods,ISO-14001
770001703221,AgroProcesados,HACCP
770001703222,Bebidas del Valle,Sin Certificación
770001703223,Bebidas del Valle,ISO-9001
770001703224,Global Foods,ISO-9001
770001703225,NutriAlimentos Corp,ISO-14001
770001703226,NutriAlimentos Corp,HACCP
770001703227,AgroProcesados,ISO-9001
770001703228,Global Foods,ISO-22000
770001703229,Global Foods,ISO-22000
770001703230,Global Foods,Sin Certificación
770001703231,AgroProcesados,ISO-22000
770001703232,Bebidas del Valle,Sin Certificación
770001703233,NutriAlimentos Corp,Sin Certificación
770001703234,Industrias BioFood,ISO-9001
770001703235,NutriAlimentos Corp,Sin Certificación
770001703236,Bebidas del Valle,ISO-9001
770001703237,Bebidas del Valle,ISO-22000
770001703238,Bebidas del Valle,Sin Certificación
770001703239,NutriAlimentos Corp,ISO-9001
770001703240,AgroProcesados,ISO-14001
770001703241,AgroProcesados,Sin Certificación
770001703242,Global Foods,ISO-9001
770001703243,Global Foods,HACCP
770001703244,AgroProcesados,ISO-9001
770001703245,Industrias BioFood,ISO-22000
770001703246,Global Foods,Sin Certificación
770001703247,NutriAlimentos Corp,HACCP
770001703248,Global Foods,HACCP
770001703249,Global Foods,ISO-14001
770001703250,Bebidas del Valle,ISO-14001
770001703251,Bebidas del Valle,ISO-14001
770001703252,Industrias BioFood,ISO-9001
770001703253,Industrias BioFood,ISO-22000
770001703254,Global Foods,HACCP
770001703255,Industrias BioFood,ISO-22000
770001703256,AgroProcesados,ISO-22000
770001703257,Bebidas del Valle,Sin Certificación
770001703258,AgroProcesados,Sin Certificación
770001703259,Bebidas del Valle,ISO-14001
770001703260,AgroProcesados,ISO-14001
770001703261,Industrias BioFood,ISO-22000
770001703262,Global Foods,ISO-22000
770001703263,NutriAlimentos Corp,ISO-22000
770001703264,Bebidas del Valle,ISO-22000
770001703265,Industrias BioFood,Sin Certificación
770001703266,Bebidas del Valle,HACCP
770001703267,Industrias BioFood,Sin Certificación
770001703268,Industrias BioFood,Sin Certificación
770001703269,AgroProcesados,HACCP
770001703270,NutriAlimentos Corp,Sin Certificación
770001703271,AgroProcesados,Sin Certificación
770001703272,NutriAlimentos Corp,Sin Certificación
770001703273,Industrias BioFood,Sin Certificación
770001703274,AgroProcesados,Sin Certificación
770001703275,Bebidas del Valle,Sin Certificación
770001703276,NutriAlimentos Corp,HACCP
770001703277,AgroProcesados,ISO-9001
770001703278,NutriAlimentos Corp,ISO-22000
770001703279,Bebidas del Valle,HACCP
770001703280,Bebidas del Valle,Sin Certificación
770001703281,AgroProcesados,HACCP
770001703282,AgroProcesados,HACCP
770001703283,Industrias BioFood,Sin Certificación
770001703284,NutriAlimentos Corp,ISO-22000
770001703285,Global Foods,ISO-14001
770001703286,Global Foods,ISO-9001
770001703287,Industrias BioFood,ISO-14001
770001703288,Bebidas del Valle,HACCP
770001703289,Industrias BioFood,Sin Certificación
770001703290,NutriAlimentos Corp,HACCP
770001703291,NutriAlimentos Corp,HACCP
770001703292,Industrias BioFood,HACCP
770001703293,AgroProcesados,ISO-9001
770001703294,Industrias BioFood,HACCP
770001703295,Global Foods,HACCP
770001703296,NutriAlimentos Corp,ISO-22000
770001703297,AgroProcesados,ISO-14001
770001803298,Bebidas del Valle,ISO-14001
770001803299,Industrias BioFood,Sin Certificación
770001803300,AgroProcesados,ISO-14001
770001803301,AgroProcesados,Sin Certificación
770001803302,NutriAlimentos Corp,ISO-22000
770001803303,Industrias BioFood,HACCP
770001803304,Industrias BioFood,ISO-22000
770001803305,AgroProcesados,ISO-9001
770001803306,AgroProcesados,HACCP
770001803307,Industrias BioFood,ISO-22000
770001803308,AgroProcesados,Sin Certificación
770001803309,NutriAlimentos Corp,HACCP
770001803310,AgroProcesados,ISO-22000
770001803311,NutriAlimentos Corp,HACCP
770001803312,Industrias BioFood,ISO-22000
770001803313,Global Foods,ISO-14001
770001803314,NutriAlimentos Corp,ISO-9001
770001803315,Global Foods,ISO-22000
770001803316,Bebidas del Valle,HACCP
770001803317,Global Foods,ISO-14001
770001803318,Global Foods,ISO-22000
770001803319,Global Foods,ISO-22000
770001803320,Bebidas del Valle,HACCP
770001803321,Global Foods,ISO-9001
770001803322,AgroProcesados,Sin Certificación
770001803323,NutriAlimentos Corp,ISO-22000
770001803324,NutriAlimentos Corp,ISO-14001
770001803325,Bebidas del Valle,ISO-22000
770001803326,Bebidas del Valle,HACCP
770001803327,AgroProcesados,ISO-9001
770001803328,Global Foods,Sin Certificación
770001803329,Industrias BioFood,ISO-22000
770001803330,Global Foods,ISO-14001
770001803331,NutriAlimentos Corp,HACCP
770001803332,Global Foods,ISO-14001
770001803333,NutriAlimentos Corp,Sin Certificación
770001803334,NutriAlimentos Corp,ISO-14001
770001803335,Bebidas del Valle,HACCP
770001803336,NutriAlimentos Corp,Sin Certificación
770001803337,Global Foods,ISO-22000
770001803338,AgroProcesados,Sin Certificación
770001803339,NutriAlimentos Corp,Sin Certificación
770001803340,Bebidas del Valle,ISO-14001
770001803341,AgroProcesados,ISO-14001
770001803342,AgroProcesados,HACCP
770001803343,NutriAlimentos Corp,Sin Certificación
770001803344,Bebidas del Valle,ISO-14001
770001803345,NutriAlimentos Corp,ISO-22000
770001803346,Industrias BioFood,ISO-22000
770001803347,Global Foods,ISO-14001
770001803348,Global Foods,Sin Certificación
770001803349,Global Foods,HACCP
770001803350,Global Foods,HACCP
770001803351,Global Foods,Sin Certificación
770001803352,NutriAlimentos Corp,HACCP
770001803353,NutriAlimentos Corp,ISO-14001
770001803354,Bebidas del Valle,ISO-22000
770001803355,Global Foods,ISO-14001
770001803356,AgroProcesados,ISO-14001
770001803357,Global Foods,ISO-9001
770001803358,Bebidas del Valle,ISO-9001
770001803359,Bebidas del Valle,ISO-14001
770001803360,Industrias BioFood,ISO-22000
770001803361,Industrias BioFood,ISO-14001
770001803362,AgroProcesados,ISO-9001
770001803363,AgroProcesados,ISO-9001
770001803364,Industrias BioFood,Sin Certificación
770001803365,NutriAlimentos Corp,Sin Certificación
770001803366,Bebidas del Valle,Sin Certificación
770001803367,NutriAlimentos Corp,ISO-9001
770001803368,Industrias BioFood,ISO-22000
770001803369,AgroProcesados,ISO-9001
770001803370,NutriAlimentos Corp,ISO-9001
770001803371,NutriAlimentos Corp,ISO-9001
770001803372,Bebidas del Valle,ISO-9001
770001803373,Global Foods,ISO-22000
770001803374,Industrias BioFood,Sin Certificación
770001803375,Global Foods,ISO-22000
770001803376,AgroProcesados,ISO-9001
770001803377,Bebidas del Valle,ISO-14001
770001803378,NutriAlimentos Corp,ISO-9001
770001803379,NutriAlimentos Corp,HACCP
770001803380,AgroProcesados,ISO-9001
770001803381,Bebidas del Valle,ISO-22000
770001803382,Industrias BioFood,HACCP
770001803383,Global Foods,HACCP
770001803384,Bebidas del Valle,HACCP
770001803385,Global Foods,ISO-9001
770001803386,Bebidas del Valle,ISO-22000
770001803387,AgroProcesados,HACCP
770001803388,NutriAlimentos Corp,ISO-22000
770001803389,NutriAlimentos Corp,ISO-14001
770001803390,Bebidas del Valle,ISO-14001
770001803391,Industrias BioFood,HACCP
770001803392,Industrias BioFood,Sin Certificación
770001803393,NutriAlimentos Corp,Sin Certificación
770001803394,Bebidas del Valle,ISO-14001
770001803395,Bebidas del Valle,ISO-9001
770001803396,Global Foods,Sin Certificación
770001803397,Bebidas del Valle,ISO-14001
770001803398,AgroProcesados,ISO-9001
770001803399,Global Foods,ISO-22000
770001803400,AgroProcesados,Sin Certificación
770001803401,AgroProcesados,ISO-22000
770001803402,NutriAlimentos Corp,ISO-14001
770001803403,Global Foods,Sin Certificación
770001803404,NutriAlimentos Corp,ISO-9001
770001803405,NutriAlimentos Corp,ISO-14001
770001803406,Industrias BioFood,ISO-9001
770001803407,Global Foods,ISO-14001
770001803408,Industrias BioFood,ISO-9001
770001803409,Bebidas del Valle,ISO-14001
770001803410,NutriAlimentos Corp,HACCP
770001803411,AgroProcesados,Sin Certificación
770001803412,Industrias BioFood,Sin Certificación
770001803413,NutriAlimentos Corp,HACCP
770001803414,NutriAlimentos Corp,Sin Certificación
770001803415,Industrias BioFood,ISO-22000
770001803416,Global Foods,ISO-9001
770001803417,Global Foods,HACCP
770001803418,Global Foods,ISO-22000
770001803419,AgroProcesados,ISO-9001
770001803420,AgroProcesados,Sin Certificación
770001803421,Industrias BioFood,ISO-14001
770001803422,Industrias BioFood,Sin Certificación
770001803423,Global Foods,ISO-9001
770001803424,Industrias BioFood,ISO-22000
770001803425,Industrias BioFood,ISO-9001
770001803426,Industrias BioFood,ISO-22000
770001803427,AgroProcesados,ISO-14001
770001803428,AgroProcesados,ISO-9001
770001803429,Global Foods,HACCP
770001803430,AgroProcesados,ISO-22000
770001803431,Industrias BioFood,ISO-14001
770001803432,NutriAlimentos Corp,ISO-22000
770001803433,Industrias BioFood,HACCP
770001803434,Global Foods,ISO-9001
770001803435,Industrias BioFood,ISO-14001
770001803436,NutriAlimentos Corp,ISO-9001
770001803437,AgroProcesados,ISO-9001
770001803438,NutriAlimentos Corp,ISO-22000
770001803439,NutriAlimentos Corp,ISO-14001
770001803440,Industrias BioFood,ISO-9001
770001803441,Global Foods,ISO-22000
770001803442,Industrias BioFood,ISO-9001
770001803443,Global Foods,HACCP
770001803444,NutriAlimentos Corp,ISO-9001
770001803445,Industrias BioFood,ISO-14001
770001803446,Bebidas del Valle,HACCP
770001803447,Global Foods,Sin Certificación
770001803448,Global Foods,HACCP
770001803449,Industrias BioFood,Sin Certificación
770001803450,Bebidas del Valle,ISO-22000
770001803451,Bebidas del Valle,ISO-22000
770001803452,Global Foods,ISO-9001
770001803453,Global Foods,ISO-14001
770001803454,AgroProcesados,ISO-14001
770001803455,AgroProcesados,HACCP
770001803456,AgroProcesados,ISO-22000
770001803457,Industrias BioFood,ISO-9001
770001803458,Bebidas del Valle,ISO-9001
770001803459,NutriAlimentos Corp,Sin Certificación
770001803460,Industrias BioFood,ISO-22000
770001803461,Bebidas del Valle,ISO-14001
770001803462,AgroProcesados,Sin Certificación
770001803463,Bebidas del Valle,HACCP
770001803464,Global Foods,Sin Certificación
770001803465,Global Foods,ISO-22000
770001803466,Industrias BioFood,ISO-22000
770001803467,AgroProcesados,ISO-9001
770001803468,Global Foods,ISO-9001
770001803469,Bebidas del Valle,Sin Certificación
770001803470,AgroProcesados,ISO-14001
770001803471,Bebidas del Valle,ISO-9001
770001803472,NutriAlimentos Corp,ISO-9001
770001803473,AgroProcesados,ISO-9001
770001803474,Bebidas del Valle,ISO-9001
770001803475,Industrias BioFood,ISO-22000
770001803476,Bebidas del Valle,ISO-9001
770001803477,AgroProcesados,ISO-14001
770001803478,AgroProcesados,ISO-22000
770001803479,AgroProcesados,HACCP
770001803480,Global Foods,ISO-14001
770001803481,Bebidas del Valle,ISO-22000
770001803482,AgroProcesados,ISO-9001
770001803483,AgroProcesados,ISO-14001
770001803484,Industrias BioFood,ISO-14001
770001803485,AgroProcesados,ISO-22000
770001803486,NutriAlimentos Corp,Sin Certificación
770001803487,Global Foods,ISO-22000
770001803488,Industrias BioFood,ISO-22000
770001803489,Bebidas del Valle,ISO-14001
770001803490,NutriAlimentos Corp,ISO-22000
770001803491,Bebidas del Valle,HACCP
770001903492,NutriAlimentos Corp,ISO-14001
770001903493,Global Foods,ISO-14001
770001903494,Bebidas del Valle,Sin Certificación
770001903495,Bebidas del Valle,Sin Certificación
770001903496,AgroProcesados,HACCP
770001903497,NutriAlimentos Corp,HACCP
770001903498,AgroProcesados,Sin Certificación
770001903499,NutriAlimentos Corp,ISO-9001
770001903500,AgroProcesados,ISO-22000
770001903501,Industrias BioFood,ISO-14001
770001903502,Global Foods,ISO-22000
770001903503,NutriAlimentos Corp,ISO-9001
770001903504,NutriAlimentos Corp,ISO-22000
770001903505,Bebidas del Valle,Sin Certificación
770001903506,NutriAlimentos Corp,ISO-9001
770001903507,AgroProcesados,ISO-9001
770001903508,Global Foods,Sin Certificación
770001903509,Bebidas del Valle,Sin Certificación
770001903510,Industrias BioFood,ISO-9001
770001903511,Global Foods,Sin Certificación
770001903512,Industrias BioFood,HACCP
770001903513,AgroProcesados,ISO-9001
770001903514,NutriAlimentos Corp,ISO-9001
770001903515,Global Foods,ISO-9001
770001903516,NutriAlimentos Corp,ISO-14001
770001903517,AgroProcesados,ISO-9001
770001903518,NutriAlimentos Corp,HACCP
770001903519,Bebidas del Valle,HACCP
770001903520,Industrias BioFood,ISO-14001
770001903521,Bebidas del Valle,ISO-9001
770001903522,AgroProcesados,ISO-9001
770001903523,AgroProcesados,ISO-14001
770001903524,NutriAlimentos Corp,HACCP
770001903525,AgroProcesados,HACCP
770001903526,AgroProcesados,HACCP
770001903527,NutriAlimentos Corp,ISO-9001
770001903528,AgroProcesados,ISO-9001
770001903529,Bebidas del Valle,ISO-14001
770001903530,AgroProcesados,ISO-14001
770001903531,Bebidas del Valle,Sin Certificación
770001903532,NutriAlimentos Corp,HACCP
770001903533,AgroProcesados,ISO-9001
770001903534,Industrias BioFood,ISO-14001
770001903535,Global Foods,Sin Certificación
770001903536,Global Foods,ISO-14001
770001903537,Bebidas del Valle,ISO-22000
770001903538,Global Foods,ISO-9001
770001903539,Industrias BioFood,HACCP
770001903540,NutriAlimentos Corp,ISO-22000
770001903541,Bebidas del Valle,ISO-14001
770001903542,NutriAlimentos Corp,HACCP
770001903543,AgroProcesados,ISO-22000
770001903544,Industrias BioFood,ISO-22000
770001903545,Industrias BioFood,Sin Certificación
770001903546,Industrias BioFood,Sin Certificación
770001903547,Global Foods,ISO-14001
770001903548,Bebidas del Valle,ISO-9001
770001903549,Industrias BioFood,HACCP
770001903550,Industrias BioFood,ISO-14001
770001903551,NutriAlimentos Corp,ISO-22000
770001903552,Industrias BioFood,Sin Certificación
770001903553,Global Foods,ISO-14001
770001903554,NutriAlimentos Corp,ISO-14001
770001903555,Global Foods,ISO-14001
770001903556,Global Foods,ISO-9001
770001903557,NutriAlimentos Corp,ISO-22000
770001903558,Bebidas del Valle,ISO-22000
770001903559,NutriAlimentos Corp,ISO-22000
770001903560,Industrias BioFood,ISO-9001
770001903561,AgroProcesados,Sin Certificación
770001903562,Global Foods,ISO-14001
770001903563,Global Foods,Sin Certificación
770001903564,NutriAlimentos Corp,ISO-14001
770001903565,Bebidas del Valle,ISO-9001
770001903566,Bebidas del Valle,HACCP
770001903567,Industrias BioFood,ISO-14001
770001903568,Global Foods,ISO-9001
770001903569,Industrias BioFood,Sin Certificación
770001903570,Bebidas del Valle,HACCP
770001903571,Global Foods,ISO-9001
770001903572,Global Foods,ISO-9001
770001903573,Bebidas del Valle,Sin Certificación
770001903574,NutriAlimentos Corp,Sin Certificación
770001903575,Global Foods,ISO-14001
770001903576,AgroProcesados,ISO-22000
770001903577,Global Foods,ISO-22000
770001903578,Bebidas del Valle,HACCP
770001903579,Bebidas del Valle,HACCP
770001903580,Global Foods,Sin Certificación
770001903581,NutriAlimentos Corp,HACCP
770001903582,Industrias BioFood,ISO-9001
770001903583,Industrias BioFood,ISO-9001
770001903584,NutriAlimentos Corp,Sin Certificación
770001903585,Industrias BioFood,HACCP
770001903586,Industrias BioFood,Sin Certificación
770001903587,Global Foods,HACCP
770001903588,NutriAlimentos Corp,Sin Certificación
770001903589,Industrias BioFood,ISO-9001
770001903590,Global Foods,Sin Certificación
770001903591,Global Foods,ISO-14001
770001903592,Global Foods,ISO-14001
770001903593,Bebidas del Valle,ISO-22000
770001903594,AgroProcesados,ISO-9001
770001903595,NutriAlimentos Corp,ISO-14001
770001903596,NutriAlimentos Corp,Sin Certificación
770001903597,Industrias BioFood,HACCP
770001903598,Bebidas del Valle,HACCP
770001903599,AgroProcesados,ISO-9001
770001903600,AgroProcesados,HACCP
770001903601,NutriAlimentos Corp,HACCP
770001903602,NutriAlimentos Corp,HACCP
770001903603,Industrias BioFood,ISO-14001
770001903604,Bebidas del Valle,ISO-9001
770001903605,Industrias BioFood,ISO-22000
770001903606,Industrias BioFood,Sin Certificación
770001903607,Global Foods,Sin Certificación
770001903608,Bebidas del Valle,ISO-9001
770001903609,NutriAlimentos Corp,HACCP
770001903610,Global Foods,Sin Certificación
770001903611,AgroProcesados,ISO-22000
770001903612,AgroProcesados,ISO-22000
770001903613,Global Foods,ISO-9001
770001903614,Bebidas del Valle,Sin Certificación
770001903615,AgroProcesados,Sin Certificación
770001903616,Bebidas del Valle,ISO-22000
770001903617,NutriAlimentos Corp,ISO-9001
770001903618,NutriAlimentos Corp,HACCP
770001903619,Bebidas del Valle,Sin Certificación
770001903620,AgroProcesados,Sin Certificación
770001903621,AgroProcesados,Sin Certificación
770001903622,AgroProcesados,HACCP
770001903623,AgroProcesados,ISO-9001
770001903624,NutriAlimentos Corp,HACCP
770001903625,Industrias BioFood,ISO-14001
770001903626,AgroProcesados,HACCP
770001903627,Bebidas del Valle,HACCP
770001903628,Bebidas del Valle,ISO-22000
770001903629,Bebidas del Valle,ISO-22000
770001903630,Global Foods,ISO-14001
770001903631,NutriAlimentos Corp,ISO-22000
770001903632,NutriAlimentos Corp,Sin Certificación
770001903633,Bebidas del Valle,ISO-14001
770001903634,Bebidas del Valle,ISO-9001
770001903635,NutriAlimentos Corp,HACCP
770001903636,Bebidas del Valle,HACCP
770001903637,Bebidas del Valle,ISO-9001
770001903638,Global Foods,ISO-9001
770001903639,Industrias BioFood,ISO-22000
770001903640,Industrias BioFood,ISO-22000
770001903641,Global Foods,Sin Certificación
770001903642,Global Foods,HACCP
770001903643,AgroProcesados,ISO-9001
770001903644,Industrias BioFood,HACCP
770001903645,Bebidas del Valle,Sin Certificación
770001903646,Industrias BioFood,ISO-22000
770001903647,NutriAlimentos Corp,ISO-14001
770001903648,NutriAlimentos Corp,ISO-14001
770001903649,Bebidas del Valle,ISO-14001
770001903650,Industrias BioFood,Sin Certificación
770001903651,Bebidas del Valle,ISO-9001
770001903652,Global Foods,ISO-9001
770001903653,AgroProcesados,Sin Certificación
770001903654,AgroProcesados,ISO-22000
770001903655,Bebidas del Valle,ISO-14001
770001903656,AgroProcesados,ISO-22000
770001903657,Global Foods,Sin Certificación
770001903658,Bebidas del Valle,ISO-22000
770001903659,AgroProcesados,Sin Certificación
770001903660,Industrias BioFood,ISO-22000
770001903661,AgroProcesados,ISO-14001
770001903662,Bebidas del Valle,ISO-22000
770001903663,NutriAlimentos Corp,ISO-14001
770001903664,AgroProcesados,Sin Certificación
770001903665,Bebidas del Valle,Sin Certificación
770001903666,Global Foods,ISO-14001
770001903667,Industrias BioFood,ISO-9001
770001903668,NutriAlimentos Corp,ISO-22000
770001903669,Bebidas del Valle,ISO-9001
770001903670,NutriAlimentos Corp,ISO-14001
770001903671,Industrias BioFood,ISO-22000
770001903672,Global Foods,Sin Certificación
770001903673,AgroProcesados,ISO-9001
770001903674,Bebidas del Valle,HACCP
770001903675,AgroProcesados,HACCP
770001903676,Industrias BioFood,ISO-9001
770001903677,NutriAlimentos Corp,HACCP
770001903678,Global Foods,ISO-14001
770001903679,Bebidas del Valle,ISO-22000
770001903680,Industrias BioFood,HACCP
770001903681,Bebidas del Valle,ISO-9001
770001903682,Global Foods,ISO-14001
770001903683,NutriAlimentos Corp,HACCP
770001903684,Industrias BioFood,ISO-14001
770001903685,Global Foods,ISO-22000
770002003686,NutriAlimentos Corp,ISO-22000
770002003687,Industrias BioFood,Sin Certificación
770002003688,Industrias BioFood,HACCP
770002003689,AgroProcesados,ISO-22000
770002003690,Global Foods,HACCP
770002003691,Global Foods,ISO-22000
770002003692,Global Foods,ISO-14001
770002003693,Global Foods,ISO-9001
770002003694,NutriAlimentos Corp,ISO-9001
770002003695,Industrias BioFood,ISO-9001
770002003696,Bebidas del Valle,HACCP
770002003697,Bebidas del Valle,ISO-22000
770002003698,Bebidas del Valle,HACCP
770002003699,Industrias BioFood,HACCP
770002003700,AgroProcesados,ISO-14001
770002003701,AgroProcesados,ISO-14001
770002003702,Global Foods,Sin Certificación
770002003703,Global Foods,ISO-14001
770002003704,Industrias BioFood,ISO-22000
770002003705,AgroProcesados,ISO-14001
770002003706,Global Foods,HACCP
770002003707,NutriAlimentos Corp,Sin Certificación
770002003708,NutriAlimentos Corp,ISO-9001
770002003709,Global Foods,ISO-14001
770002003710,NutriAlimentos Corp,ISO-9001
770002003711,AgroProcesados,Sin Certificación
770002003712,Bebidas del Valle,ISO-22000
770002003713,AgroProcesados,ISO-14001
770002003714,AgroProcesados,ISO-9001
770002003715,Industrias BioFood,ISO-14001
770002003716,Global Foods,ISO-9001
770002003717,NutriAlimentos Corp,ISO-22000
770002003718,Industrias BioFood,ISO-22000
770002003719,NutriAlimentos Corp,ISO-9001
770002003720,NutriAlimentos Corp,ISO-22000
770002003721,AgroProcesados,ISO-9001
770002003722,Global Foods,ISO-22000
770002003723,Industrias BioFood,ISO-14001
770002003724,Global Foods,ISO-14001
770002003725,NutriAlimentos Corp,ISO-14001
770002003726,Global Foods,ISO-14001
770002003727,Bebidas del Valle,Sin Certificación
770002003728,Global Foods,ISO-22000
770002003729,Global Foods,ISO-22000
770002003730,NutriAlimentos Corp,HACCP
770002003731,Global Foods,HACCP
770002003732,NutriAlimentos Corp,ISO-9001
770002003733,NutriAlimentos Corp,ISO-14001
770002003734,NutriAlimentos Corp,ISO-22000
770002003735,NutriAlimentos Corp,ISO-22000
770002003736,Industrias BioFood,ISO-14001
770002003737,Bebidas del Valle,ISO-22000
770002003738,Global Foods,ISO-22000
770002003739,NutriAlimentos Corp,Sin Certificación
770002003740,AgroProcesados,ISO-9001
770002003741,AgroProcesados,HACCP
770002003742,Industrias BioFood,HACCP
770002003743,Bebidas del Valle,ISO-14001
770002003744,NutriAlimentos Corp,HACCP
770002003745,AgroProcesados,ISO-9001
770002003746,Global Foods,Sin Certificación
770002003747,AgroProcesados,ISO-9001
770002003748,Bebidas del Valle,ISO-9001
770002003749,NutriAlimentos Corp,Sin Certificación
770002003750,Bebidas del Valle,ISO-14001
770002003751,NutriAlimentos Corp,Sin Certificación
770002003752,Industrias BioFood,Sin Certificación
770002003753,Bebidas del Valle,ISO-9001
770002003754,Bebidas del Valle,ISO-22000
770002003755,Global Foods,HACCP
770002003756,Bebidas del Valle,ISO-22000
770002003757,Industrias BioFood,HACCP
770002003758,Global Foods,ISO-22000
770002003759,Industrias BioFood,ISO-14001
770002003760,Global Foods,Sin Certificación
770002003761,Bebidas del Valle,ISO-14001
770002003762,NutriAlimentos Corp,Sin Certificación
770002003763,NutriAlimentos Corp,ISO-22000
770002003764,NutriAlimentos Corp,ISO-14001
770002003765,Global Foods,ISO-14001
770002003766,Bebidas del Valle,HACCP
770002003767,AgroProcesados,ISO-9001
770002003768,Bebidas del Valle,ISO-22000
770002003769,Industrias BioFood,HACCP
770002003770,NutriAlimentos Corp,HACCP
770002003771,Industrias BioFood,Sin Certificación
770002003772,Bebidas del Valle,ISO-9001
770002003773,AgroProcesados,ISO-22000
770002003774,AgroProcesados,HACCP
770002003775,Bebidas del Valle,ISO-9001
770002003776,AgroProcesados,ISO-22000
770002003777,AgroProcesados,HACCP
770002003778,Global Foods,HACCP
770002003779,AgroProcesados,ISO-22000
770002003780,Industrias BioFood,Sin Certificación
770002003781,Bebidas del Valle,ISO-14001
770002003782,AgroProcesados,ISO-22000
770002003783,Global Foods,ISO-22000
770002003784,AgroProcesados,ISO-14001
770002003785,Industrias BioFood,ISO-9001
770002003786,Bebidas del Valle,ISO-22000
770002003787,NutriAlimentos Corp,Sin Certificación
770002003788,Bebidas del Valle,ISO-14001
770002003789,Industrias BioFood,Sin Certificación
770002003790,Industrias BioFood,HACCP
770002003791,NutriAlimentos Corp,ISO-9001
770002003792,Bebidas del Valle,Sin Certificación
770002003793,AgroProcesados,HACCP
770002003794,NutriAlimentos Corp,ISO-14001
770002003795,AgroProcesados,ISO-14001
770002003796,Global Foods,Sin Certificación
770002003797,NutriAlimentos Corp,ISO-9001
770002003798,Bebidas del Valle,ISO-14001
770002003799,NutriAlimentos Corp,ISO-14001
770002003800,Industrias BioFood,ISO-14001
770002003801,Industrias BioFood,ISO-22000
770002003802,Industrias BioFood,HACCP
770002003803,Global Foods,Sin Certificación
770002003804,Industrias BioFood,HACCP
770002003805,Global Foods,Sin Certificación
770002003806,AgroProcesados,ISO-22000
770002003807,Industrias BioFood,HACCP
770002003808,AgroProcesados,Sin Certificación
770002003809,NutriAlimentos Corp,ISO-9001
770002003810,AgroProcesados,HACCP
770002003811,Global Foods,Sin Certificación
770002003812,Bebidas del Valle,ISO-9001
770002003813,NutriAlimentos Corp,HACCP
770002003814,Bebidas del Valle,Sin Certificación
770002003815,NutriAlimentos Corp,ISO-9001
770002003816,AgroProcesados,ISO-14001
770002003817,Industrias BioFood,ISO-9001
770002003818,NutriAlimentos Corp,ISO-22000
770002003819,NutriAlimentos Corp,Sin Certificación
770002003820,Global Foods,ISO-22000
770002003821,Industrias BioFood,ISO-22000
770002003822,AgroProcesados,ISO-9001
770002003823,Global Foods,HACCP
770002003824,Global Foods,HACCP
770002003825,NutriAlimentos Corp,ISO-22000
770002003826,NutriAlimentos Corp,HACCP
770002003827,AgroProcesados,HACCP
770002003828,Bebidas del Valle,ISO-9001
770002003829,NutriAlimentos Corp,HACCP
770002003830,AgroProcesados,ISO-22000
770002003831,Global Foods,Sin Certificación
770002003832,Industrias BioFood,Sin Certificación
770002003833,AgroProcesados,HACCP
770002003834,Bebidas del Valle,ISO-22000
770002003835,Industrias BioFood,ISO-14001
770002003836,Bebidas del Valle,ISO-14001
770002003837,AgroProcesados,Sin Certificación
770002003838,Bebidas del Valle,ISO-14001
770002003839,Industrias BioFood,Sin Certificación
770002003840,AgroProcesados,ISO-9001
770002003841,Bebidas del Valle,ISO-22000
770002003842,Industrias BioFood,ISO-22000
770002003843,Bebidas del Valle,ISO-22000
770002003844,AgroProcesados,ISO-22000
770002003845,AgroProcesados,ISO-22000
770002003846,Industrias BioFood,Sin Certificación
770002003847,Global Foods,Sin Certificación
770002003848,AgroProcesados,ISO-9001
770002003849,NutriAlimentos Corp,Sin Certificación
770002003850,NutriAlimentos Corp,ISO-9001
770002003851,Global Foods,ISO-22000
770002003852,Bebidas del Valle,HACCP
770002003853,NutriAlimentos Corp,ISO-9001
770002003854,Bebidas del Valle,ISO-9001
770002003855,NutriAlimentos Corp,ISO-22000
770002003856,NutriAlimentos Corp,ISO-9001
770002003857,AgroProcesados,ISO-14001
770002003858,Global Foods,HACCP
770002003859,Bebidas del Valle,ISO-9001
770002003860,Bebidas del Valle,Sin Certificación
770002003861,NutriAlimentos Corp,Sin Certificación
770002003862,Bebidas del Valle,HACCP
770002003863,AgroProcesados,ISO-14001
770002003864,AgroProcesados,HACCP
770002003865,AgroProcesados,Sin Certificación
770002003866,Industrias BioFood,HACCP
770002003867,Global Foods,Sin Certificación
770002003868,Bebidas del Valle,HACCP
770002003869,AgroProcesados,HACCP
770002003870,NutriAlimentos Corp,ISO-9001
770002003871,AgroProcesados,Sin Certificación
770002003872,Industrias BioFood,ISO-14001
770002003873,Industrias BioFood,HACCP
770002003874,Global Foods,Sin Certificación
770002003875,Bebidas del Valle,ISO-14001
770002003876,AgroProcesados,Sin Certificación
770002003877,Industrias BioFood,ISO-14001
770002003878,Global Foods,ISO-9001
770002003879,Global Foods,ISO-9001
770002103880,AgroProcesados,ISO-9001
770002103881,AgroProcesados,Sin Certificación
770002103882,Bebidas del Valle,ISO-22000
770002103883,Global Foods,ISO-14001
770002103884,Industrias BioFood,ISO-9001
770002103885,Industrias BioFood,ISO-9001
770002103886,Global Foods,Sin Certificación
770002103887,Industrias BioFood,ISO-14001
770002103888,AgroProcesados,ISO-22000
770002103889,NutriAlimentos Corp,ISO-9001
770002103890,Bebidas del Valle,ISO-22000
770002103891,Bebidas del Valle,Sin Certificación
770002103892,Global Foods,HACCP
770002103893,Bebidas del Valle,ISO-22000
770002103894,Industrias BioFood,Sin Certificación
770002103895,Bebidas del Valle,ISO-14001
770002103896,Industrias BioFood,Sin Certificación
770002103897,NutriAlimentos Corp,ISO-22000
770002103898,NutriAlimentos Corp,Sin Certificación
770002103899,AgroProcesados,HACCP
770002103900,AgroProcesados,ISO-22000
770002103901,Global Foods,Sin Certificación
770002103902,AgroProcesados,ISO-14001
770002103903,Industrias BioFood,ISO-9001
770002103904,AgroProcesados,ISO-9001
770002103905,Bebidas del Valle,ISO-14001
770002103906,AgroProcesados,ISO-9001
770002103907,NutriAlimentos Corp,HACCP
770002103908,NutriAlimentos Corp,HACCP
770002103909,AgroProcesados,ISO-9001
770002103910,AgroProcesados,ISO-9001
770002103911,Bebidas del Valle,Sin Certificación
770002103912,Global Foods,ISO-22000
770002103913,AgroProcesados,ISO-14001
770002103914,Bebidas del Valle,Sin Certificación
770002103915,Bebidas del Valle,HACCP
770002103916,AgroProcesados,Sin Certificación
770002103917,Global Foods,ISO-22000
770002103918,Industrias BioFood,ISO-14001
770002103919,Bebidas del Valle,HACCP
770002103920,Global Foods,ISO-22000
770002103921,Bebidas del Valle,ISO-14001
770002103922,Industrias BioFood,HACCP
770002103923,NutriAlimentos Corp,HACCP
770002103924,NutriAlimentos Corp,Sin Certificación
770002103925,Bebidas del Valle,ISO-14001
770002103926,NutriAlimentos Corp,ISO-22000
770002103927,NutriAlimentos Corp,HACCP
770002103928,Industrias BioFood,ISO-14001
770002103929,Bebidas del Valle,ISO-22000
770002103930,Global Foods,ISO-9001
770002103931,AgroProcesados,ISO-22000
770002103932,Industrias BioFood,ISO-14001
770002103933,Bebidas del Valle,Sin Certificación
770002103934,NutriAlimentos Corp,ISO-14001
770002103935,NutriAlimentos Corp,Sin Certificación
770002103936,NutriAlimentos Corp,ISO-14001
770002103937,Industrias BioFood,Sin Certificación
770002103938,NutriAlimentos Corp,HACCP
770002103939,Bebidas del Valle,HACCP
770002103940,Industrias BioFood,ISO-22000
770002103941,Industrias BioFood,ISO-14001
770002103942,NutriAlimentos Corp,ISO-22000
770002103943,AgroProcesados,ISO-9001
770002103944,Global Foods,ISO-14001
770002103945,Global Foods,HACCP
770002103946,Bebidas del Valle,ISO-22000
770002103947,Industrias BioFood,HACCP
770002103948,NutriAlimentos Corp,ISO-14001
770002103949,NutriAlimentos Corp,HACCP
770002103950,Global Foods,Sin Certificación
770002103951,Global Foods,Sin Certificación
770002103952,AgroProcesados,ISO-22000
770002103953,Global Foods,ISO-22000
770002103954,NutriAlimentos Corp,HACCP
770002103955,Global Foods,Sin Certificación
770002103956,Industrias BioFood,HACCP
770002103957,NutriAlimentos Corp,ISO-9001
770002103958,AgroProcesados,ISO-14001
770002103959,NutriAlimentos Corp,ISO-14001
770002103960,Bebidas del Valle,ISO-9001
770002103961,NutriAlimentos Corp,HACCP
770002103962,NutriAlimentos Corp,ISO-14001
770002103963,Global Foods,HACCP
770002103964,Industrias BioFood,ISO-22000
770002103965,Global Foods,ISO-14001
770002103966,AgroProcesados,Sin Certificación
770002103967,Global Foods,Sin Certificación
770002103968,AgroProcesados,Sin Certificación
770002103969,NutriAlimentos Corp,ISO-22000
770002103970,NutriAlimentos Corp,ISO-14001
770002103971,NutriAlimentos Corp,ISO-14001
770002103972,Industrias BioFood,ISO-14001
770002103973,NutriAlimentos Corp,Sin Certificación
770002103974,Industrias BioFood,ISO-9001
770002103975,Bebidas del Valle,HACCP
770002103976,Bebidas del Valle,Sin Certificación
770002103977,Industrias BioFood,HACCP
770002103978,Industrias BioFood,ISO-9001
770002103979,Bebidas del Valle,ISO-14001
770002103980,Global Foods,ISO-9001
770002103981,NutriAlimentos Corp,ISO-9001
770002103982,Industrias BioFood,ISO-9001
770002103983,Industrias BioFood,ISO-22000
770002103984,NutriAlimentos Corp,Sin Certificación
770002103985,Global Foods,ISO-22000
770002103986,AgroProcesados,ISO-14001
770002103987,Global Foods,ISO-14001
770002103988,Bebidas del Valle,HACCP
770002103989,NutriAlimentos Corp,ISO-22000
770002103990,NutriAlimentos Corp,Sin Certificación
770002103991,Industrias BioFood,ISO-9001
770002103992,AgroProcesados,ISO-14001
770002103993,Bebidas del Valle,ISO-14001
770002103994,Industrias BioFood,HACCP
770002103995,Bebidas del Valle,ISO-22000
770002103996,Industrias BioFood,ISO-22000
770002103997,Global Foods,ISO-9001
770002103998,NutriAlimentos Corp,Sin Certificación
770002103999,NutriAlimentos Corp,ISO-9001
770002104000,Industrias BioFood,HACCP
770002104001,NutriAlimentos Corp,ISO-22000
770002104002,Global Foods,ISO-14001
770002104003,Industrias BioFood,ISO-22000
770002104004,NutriAlimentos Corp,Sin Certificación
770002104005,Bebidas del Valle,ISO-9001
770002104006,Global Foods,ISO-14001
770002104007,AgroProcesados,ISO-9001
770002104008,Bebidas del Valle,ISO-9001
770002104009,Global Foods,HACCP
770002104010,Bebidas del Valle,ISO-14001
770002104011,Industrias BioFood,ISO-9001
770002104012,Global Foods,ISO-14001
770002104013,Global Foods,ISO-9001
770002104014,Bebidas del Valle,ISO-14001
770002104015,Industrias BioFood,Sin Certificación
770002104016,Industrias BioFood,ISO-9001
770002104017,NutriAlimentos Corp,ISO-14001
770002104018,Global Foods,ISO-22000
770002104019,Industrias BioFood,ISO-14001
770002104020,AgroProcesados,Sin Certificación
770002104021,Bebidas del Valle,ISO-22000
770002104022,Industrias BioFood,ISO-22000
770002104023,Industrias BioFood,ISO-14001
770002104024,AgroProcesados,ISO-22000
770002104025,Global Foods,ISO-22000
770002104026,Industrias BioFood,ISO-9001
770002104027,Bebidas del Valle,Sin Certificación
770002104028,Industrias BioFood,HACCP
770002104029,Industrias BioFood,ISO-14001
770002104030,NutriAlimentos Corp,Sin Certificación
770002104031,NutriAlimentos Corp,ISO-22000
770002104032,AgroProcesados,HACCP
770002104033,Bebidas del Valle,ISO-9001
770002104034,Bebidas del Valle,HACCP
770002104035,Global Foods,Sin Certificación
770002104036,Global Foods,ISO-14001
770002104037,NutriAlimentos Corp,ISO-22000
770002104038,Global Foods,Sin Certificación
770002104039,NutriAlimentos Corp,HACCP
770002104040,AgroProcesados,HACCP
770002104041,NutriAlimentos Corp,HACCP
770002104042,NutriAlimentos Corp,ISO-9001
770002104043,AgroProcesados,Sin Certificación
770002104044,Bebidas del Valle,ISO-22000
770002104045,Bebidas del Valle,ISO-22000
770002104046,AgroProcesados,Sin Certificación
770002104047,Bebidas del Valle,HACCP
770002104048,Bebidas del Valle,ISO-22000
770002104049,AgroProcesados,ISO-9001
770002104050,AgroProcesados,Sin Certificación
770002104051,Global Foods,ISO-14001
770002104052,NutriAlimentos Corp,ISO-9001
770002104053,Global Foods,ISO-22000
770002104054,NutriAlimentos Corp,ISO-22000
770002104055,AgroProcesados,Sin Certificación
770002104056,Global Foods,ISO-22000
770002104057,Global Foods,ISO-22000
770002104058,NutriAlimentos Corp,ISO-9001
770002104059,Bebidas del Valle,HACCP
770002104060,AgroProcesados,ISO-14001
770002104061,Global Foods,ISO-9001
770002104062,AgroProcesados,Sin Certificación
770002104063,Industrias BioFood,ISO-14001
770002104064,Global Foods,ISO-22000
770002104065,AgroProcesados,Sin Certificación
770002104066,AgroProcesados,ISO-22000
770002104067,Bebidas del Valle,HACCP
770002104068,AgroProcesados,ISO-9001
770002104069,Global Foods,Sin Certificación
770002104070,Industrias BioFood,ISO-14001
770002104071,Bebidas del Valle,ISO-9001
770002104072,Bebidas del Valle,ISO-9001
770002104073,Industrias BioFood,ISO-9001
770002204074,NutriAlimentos Corp,ISO-14001
770002204075,Industrias BioFood,ISO-9001
770002204076,AgroProcesados,ISO-9001
770002204077,Industrias BioFood,ISO-22000
770002204078,Global Foods,Sin Certificación
770002204079,Industrias BioFood,Sin Certificación
770002204080,Industrias BioFood,Sin Certificación
770002204081,Bebidas del Valle,HACCP
770002204082,Industrias BioFood,ISO-22000
770002204083,Industrias BioFood,ISO-9001
770002204084,AgroProcesados,HACCP
770002204085,NutriAlimentos Corp,ISO-14001
770002204086,Global Foods,ISO-22000
770002204087,Bebidas del Valle,ISO-14001
770002204088,Industrias BioFood,Sin Certificación
770002204089,Industrias BioFood,ISO-22000
770002204090,Global Foods,ISO-14001
770002204091,Global Foods,ISO-14001
770002204092,Industrias BioFood,ISO-9001
770002204093,Global Foods,Sin Certificación
770002204094,NutriAlimentos Corp,ISO-14001
770002204095,Industrias BioFood,ISO-22000
770002204096,AgroProcesados,ISO-9001
770002204097,AgroProcesados,ISO-14001
770002204098,Global Foods,ISO-22000
770002204099,Industrias BioFood,ISO-14001
770002204100,Industrias BioFood,ISO-22000
770002204101,Bebidas del Valle,ISO-9001
770002204102,AgroProcesados,ISO-14001
770002204103,Global Foods,HACCP
770002204104,Industrias BioFood,ISO-22000
770002204105,NutriAlimentos Corp,Sin Certificación
770002204106,NutriAlimentos Corp,ISO-14001
770002204107,AgroProcesados,ISO-9001
770002204108,Global Foods,Sin Certificación
770002204109,AgroProcesados,ISO-9001
770002204110,NutriAlimentos Corp,ISO-9001
770002204111,Industrias BioFood,ISO-22000
770002204112,NutriAlimentos Corp,Sin Certificación
770002204113,Industrias BioFood,Sin Certificación
770002204114,Bebidas del Valle,ISO-14001
770002204115,Global Foods,Sin Certificación
770002204116,Industrias BioFood,ISO-14001
770002204117,Industrias BioFood,HACCP
770002204118,Global Foods,ISO-14001
770002204119,Industrias BioFood,ISO-9001
770002204120,Bebidas del Valle,ISO-22000
770002204121,AgroProcesados,ISO-22000
770002204122,Bebidas del Valle,ISO-22000
770002204123,Global Foods,Sin Certificación
770002204124,Global Foods,ISO-14001
770002204125,NutriAlimentos Corp,ISO-22000
770002204126,Global Foods,ISO-14001
770002204127,AgroProcesados,Sin Certificación
770002204128,AgroProcesados,ISO-14001
770002204129,AgroProcesados,ISO-22000
770002204130,Industrias BioFood,ISO-14001
770002204131,Industrias BioFood,HACCP
770002204132,Industrias BioFood,ISO-22000
770002204133,Global Foods,ISO-14001
770002204134,Bebidas del Valle,ISO-9001
770002204135,Bebidas del Valle,HACCP
770002204136,NutriAlimentos Corp,HACCP
770002204137,Bebidas del Valle,ISO-9001
770002204138,Global Foods,ISO-14001
770002204139,Global Foods,HACCP
770002204140,Industrias BioFood,ISO-9001
770002204141,NutriAlimentos Corp,HACCP
770002204142,AgroProcesados,ISO-22000
770002204143,Bebidas del Valle,HACCP
770002204144,AgroProcesados,ISO-14001
770002204145,Bebidas del Valle,Sin Certificación
770002204146,NutriAlimentos Corp,HACCP
770002204147,Global Foods,ISO-22000
770002204148,NutriAlimentos Corp,Sin Certificación
770002204149,AgroProcesados,ISO-9001
770002204150,Global Foods,ISO-14001
770002204151,AgroProcesados,ISO-22000
770002204152,AgroProcesados,ISO-9001
770002204153,NutriAlimentos Corp,ISO-9001
770002204154,Bebidas del Valle,ISO-22000
770002204155,NutriAlimentos Corp,Sin Certificación
770002204156,Bebidas del Valle,ISO-9001
770002204157,AgroProcesados,HACCP
770002204158,Global Foods,HACCP
770002204159,Global Foods,ISO-9001
770002204160,NutriAlimentos Corp,HACCP
770002204161,NutriAlimentos Corp,Sin Certificación
770002204162,AgroProcesados,HACCP
770002204163,NutriAlimentos Corp,HACCP
770002204164,Bebidas del Valle,ISO-9001
770002204165,NutriAlimentos Corp,ISO-22000
770002204166,Bebidas del Valle,ISO-14001
770002204167,Global Foods,ISO-14001
770002204168,NutriAlimentos Corp,ISO-22000
770002204169,Bebidas del Valle,ISO-22000
770002204170,Bebidas del Valle,ISO-14001
770002204171,Global Foods,ISO-22000
770002204172,AgroProcesados,ISO-9001
770002204173,AgroProcesados,ISO-22000
770002204174,NutriAlimentos Corp,HACCP
770002204175,AgroProcesados,HACCP
770002204176,Global Foods,Sin Certificación
770002204177,Industrias BioFood,Sin Certificación
770002204178,AgroProcesados,Sin Certificación
770002204179,Global Foods,ISO-22000
770002204180,NutriAlimentos Corp,ISO-9001
770002204181,Global Foods,Sin Certificación
770002204182,NutriAlimentos Corp,ISO-14001
770002204183,Bebidas del Valle,Sin Certificación
770002204184,Industrias BioFood,HACCP
770002204185,Bebidas del Valle,ISO-9001
770002204186,Global Foods,HACCP
770002204187,NutriAlimentos Corp,ISO-9001
770002204188,Industrias BioFood,HACCP
770002204189,Global Foods,ISO-22000
770002204190,Bebidas del Valle,Sin Certificación
770002204191,Bebidas del Valle,ISO-14001
770002204192,Global Foods,HACCP
770002204193,NutriAlimentos Corp,ISO-14001
770002204194,Global Foods,ISO-9001
770002204195,AgroProcesados,ISO-9001
770002204196,Bebidas del Valle,ISO-9001
770002204197,AgroProcesados,ISO-9001
770002204198,Bebidas del Valle,ISO-9001
770002204199,NutriAlimentos Corp,HACCP
770002204200,Bebidas del Valle,HACCP
770002204201,NutriAlimentos Corp,Sin Certificación
770002204202,NutriAlimentos Corp,ISO-14001
770002204203,AgroProcesados,ISO-9001
770002204204,Bebidas del Valle,ISO-9001
770002204205,Industrias BioFood,ISO-22000
770002204206,Bebidas del Valle,ISO-22000
770002204207,Industrias BioFood,ISO-22000
770002204208,NutriAlimentos Corp,HACCP
770002204209,Industrias BioFood,ISO-9001
770002204210,Industrias BioFood,Sin Certificación
770002204211,AgroProcesados,ISO-14001
770002204212,Industrias BioFood,HACCP
770002204213,Global Foods,ISO-9001
770002204214,Bebidas del Valle,HACCP
770002204215,AgroProcesados,ISO-9001
770002204216,Industrias BioFood,HACCP
770002204217,Global Foods,HACCP
770002204218,Global Foods,ISO-22000
770002204219,Bebidas del Valle,ISO-14001
770002204220,NutriAlimentos Corp,HACCP
770002204221,Global Foods,HACCP
770002204222,Bebidas del Valle,ISO-9001
770002204223,NutriAlimentos Corp,ISO-22000
770002204224,AgroProcesados,ISO-14001
770002204225,Global Foods,Sin Certificación
770002204226,Global Foods,ISO-14001
770002204227,Industrias BioFood,ISO-22000
770002204228,Bebidas del Valle,Sin Certificación
770002204229,Global Foods,HACCP
770002204230,Industrias BioFood,ISO-14001
770002204231,Global Foods,Sin Certificación
770002204232,Industrias BioFood,ISO-9001
770002204233,Industrias BioFood,HACCP
770002204234,AgroProcesados,HACCP
770002204235,Global Foods,ISO-9001
770002204236,NutriAlimentos Corp,ISO-14001
770002204237,AgroProcesados,ISO-14001
770002204238,Industrias BioFood,ISO-9001
770002204239,Global Foods,ISO-9001
770002204240,Global Foods,ISO-9001
770002204241,Industrias BioFood,ISO-9001
770002204242,Bebidas del Valle,ISO-9001
770002204243,AgroProcesados,HACCP
770002204244,AgroProcesados,HACCP
770002204245,AgroProcesados,ISO-14001
770002204246,NutriAlimentos Corp,ISO-14001
770002204247,AgroProcesados,ISO-22000
770002204248,Global Foods,ISO-14001
770002204249,Global Foods,ISO-14001
770002204250,NutriAlimentos Corp,Sin Certificación
770002204251,Bebidas del Valle,ISO-14001
770002204252,AgroProcesados,ISO-14001
770002204253,Industrias BioFood,ISO-14001
770002204254,NutriAlimentos Corp,ISO-22000
770002204255,Global Foods,ISO-14001
770002204256,Bebidas del Valle,Sin Certificación
770002204257,AgroProcesados,Sin Certificación
770002204258,AgroProcesados,ISO-9001
770002204259,NutriAlimentos Corp,Sin Certificación
770002204260,NutriAlimentos Corp,ISO-22000
770002204261,Global Foods,ISO-22000
770002204262,Industrias BioFood,HACCP
770002204263,Industrias BioFood,Sin Certificación
770002204264,Global Foods,ISO-22000
770002204265,NutriAlimentos Corp,Sin Certificación
770002204266,Bebidas del Valle,ISO-9001
770002204267,NutriAlimentos Corp,HACCP
770002304268,Bebidas del Valle,ISO-9001
770002304269,AgroProcesados,HACCP
770002304270,Industrias BioFood,ISO-14001
770002304271,AgroProcesados,ISO-9001
770002304272,Global Foods,HACCP
770002304273,Industrias BioFood,ISO-9001
770002304274,NutriAlimentos Corp,HACCP
770002304275,Industrias BioFood,ISO-9001
770002304276,Global Foods,ISO-22000
770002304277,Industrias BioFood,HACCP
770002304278,Global Foods,ISO-14001
770002304279,Industrias BioFood,Sin Certificación
770002304280,Global Foods,ISO-9001
770002304281,Global Foods,ISO-22000
770002304282,Global Foods,ISO-22000
770002304283,Bebidas del Valle,ISO-9001
770002304284,Global Foods,ISO-22000
770002304285,Global Foods,ISO-14001
770002304286,Global Foods,Sin Certificación
770002304287,NutriAlimentos Corp,ISO-22000
770002304288,Bebidas del Valle,ISO-9001
770002304289,Bebidas del Valle,HACCP
770002304290,AgroProcesados,ISO-22000
770002304291,NutriAlimentos Corp,ISO-9001
770002304292,NutriAlimentos Corp,ISO-22000
770002304293,AgroProcesados,ISO-14001
770002304294,AgroProcesados,Sin Certificación
770002304295,Global Foods,ISO-22000
770002304296,AgroProcesados,Sin Certificación
770002304297,Global Foods,ISO-22000
770002304298,Global Foods,Sin Certificación
770002304299,Industrias BioFood,ISO-9001
770002304300,Industrias BioFood,ISO-9001
770002304301,NutriAlimentos Corp,Sin Certificación
770002304302,AgroProcesados,HACCP
770002304303,AgroProcesados,ISO-22000
770002304304,Industrias BioFood,Sin Certificación
770002304305,AgroProcesados,Sin Certificación
770002304306,NutriAlimentos Corp,ISO-22000
770002304307,NutriAlimentos Corp,ISO-14001
770002304308,AgroProcesados,HACCP
770002304309,Bebidas del Valle,Sin Certificación
770002304310,Industrias BioFood,ISO-14001
770002304311,NutriAlimentos Corp,ISO-9001
770002304312,Industrias BioFood,Sin Certificación
770002304313,NutriAlimentos Corp,ISO-9001
770002304314,NutriAlimentos Corp,ISO-9001
770002304315,NutriAlimentos Corp,ISO-22000
770002304316,AgroProcesados,Sin Certificación
770002304317,NutriAlimentos Corp,Sin Certificación
770002304318,NutriAlimentos Corp,ISO-9001
770002304319,Global Foods,HACCP
770002304320,Bebidas del Valle,Sin Certificación
770002304321,AgroProcesados,ISO-9001
770002304322,NutriAlimentos Corp,ISO-9001
770002304323,Global Foods,Sin Certificación
770002304324,Industrias BioFood,Sin Certificación
770002304325,Global Foods,ISO-22000
770002304326,AgroProcesados,ISO-14001
770002304327,AgroProcesados,HACCP
770002304328,Industrias BioFood,Sin Certificación
770002304329,Bebidas del Valle,ISO-14001
770002304330,AgroProcesados,HACCP
770002304331,NutriAlimentos Corp,ISO-9001
770002304332,NutriAlimentos Corp,ISO-9001
770002304333,Bebidas del Valle,Sin Certificación
770002304334,Industrias BioFood,ISO-9001
770002304335,Industrias BioFood,ISO-9001
770002304336,AgroProcesados,ISO-9001
770002304337,Industrias BioFood,ISO-22000
770002304338,NutriAlimentos Corp,HACCP
770002304339,Industrias BioFood,ISO-22000
770002304340,Industrias BioFood,HACCP
770002304341,Bebidas del Valle,HACCP
770002304342,Industrias BioFood,ISO-9001
770002304343,NutriAlimentos Corp,HACCP
770002304344,Industrias BioFood,Sin Certificación
770002304345,Global Foods,ISO-22000
770002304346,Industrias BioFood,HACCP
770002304347,AgroProcesados,Sin Certificación
770002304348,NutriAlimentos Corp,HACCP
770002304349,Global Foods,ISO-9001
770002304350,AgroProcesados,ISO-22000
770002304351,Industrias BioFood,HACCP
770002304352,AgroProcesados,HACCP
770002304353,NutriAlimentos Corp,HACCP
770002304354,Global Foods,ISO-9001
770002304355,AgroProcesados,ISO-9001
770002304356,AgroProcesados,ISO-9001
770002304357,Bebidas del Valle,ISO-9001
770002304358,Industrias BioFood,Sin Certificación
770002304359,Bebidas del Valle,ISO-14001
770002304360,Bebidas del Valle,Sin Certificación
770002304361,NutriAlimentos Corp,ISO-22000
770002304362,Bebidas del Valle,ISO-9001
770002304363,Global Foods,ISO-9001
770002304364,AgroProcesados,HACCP
770002304365,Bebidas del Valle,HACCP
770002304366,Industrias BioFood,ISO-9001
770002304367,Bebidas del Valle,ISO-9001
770002304368,AgroProcesados,ISO-22000
770002304369,AgroProcesados,Sin Certificación
770002304370,AgroProcesados,HACCP
770002304371,NutriAlimentos Corp,ISO-14001
770002304372,Industrias BioFood,ISO-9001
770002304373,Global Foods,ISO-22000
770002304374,Industrias BioFood,ISO-14001
770002304375,NutriAlimentos Corp,Sin Certificación
770002304376,Bebidas del Valle,ISO-22000
770002304377,Global Foods,Sin Certificación
770002304378,AgroProcesados,ISO-9001
770002304379,Industrias BioFood,ISO-9001
770002304380,AgroProcesados,ISO-9001
770002304381,Bebidas del Valle,ISO-22000
770002304382,Bebidas del Valle,ISO-14001
770002304383,Industrias BioFood,ISO-9001
770002304384,Bebidas del Valle,ISO-14001
770002304385,Industrias BioFood,ISO-9001
770002304386,Global Foods,ISO-9001
770002304387,NutriAlimentos Corp,ISO-22000
770002304388,Bebidas del Valle,ISO-22000
770002304389,Bebidas del Valle,Sin Certificación
770002304390,NutriAlimentos Corp,ISO-14001
770002304391,Industrias BioFood,HACCP
770002304392,Bebidas del Valle,Sin Certificación
770002304393,Global Foods,ISO-9001
770002304394,AgroProcesados,ISO-22000
770002304395,NutriAlimentos Corp,ISO-9001
770002304396,NutriAlimentos Corp,ISO-14001
770002304397,Global Foods,ISO-22000
770002304398,Industrias BioFood,Sin Certificación
770002304399,NutriAlimentos Corp,Sin Certificación
770002304400,Global Foods,ISO-22000
770002304401,Global Foods,ISO-14001
770002304402,AgroProcesados,Sin Certificación
770002304403,Industrias BioFood,ISO-9001
770002304404,Industrias BioFood,HACCP
770002304405,Industrias BioFood,Sin Certificación
770002304406,Industrias BioFood,HACCP
770002304407,Global Foods,HACCP
770002304408,Industrias BioFood,HACCP
770002304409,AgroProcesados,ISO-14001
770002304410,Bebidas del Valle,ISO-14001
770002304411,Bebidas del Valle,ISO-22000
770002304412,AgroProcesados,ISO-9001
770002304413,Industrias BioFood,HACCP
770002304414,AgroProcesados,HACCP
770002304415,AgroProcesados,HACCP
770002304416,Global Foods,ISO-14001
770002304417,Industrias BioFood,ISO-14001
770002304418,Global Foods,ISO-22000
770002304419,Bebidas del Valle,HACCP
770002304420,Industrias BioFood,HACCP
770002304421,Bebidas del Valle,ISO-14001
770002304422,NutriAlimentos Corp,ISO-22000
770002304423,Global Foods,Sin Certificación
770002304424,Bebidas del Valle,ISO-14001
770002304425,Bebidas del Valle,ISO-22000
770002304426,Bebidas del Valle,ISO-14001
770002304427,Industrias BioFood,HACCP
770002304428,NutriAlimentos Corp,ISO-22000
770002304429,NutriAlimentos Corp,ISO-14001
770002304430,Global Foods,ISO-22000
770002304431,Bebidas del Valle,Sin Certificación
770002304432,AgroProcesados,ISO-22000
770002304433,Industrias BioFood,ISO-22000
770002304434,Global Foods,HACCP
770002304435,AgroProcesados,HACCP
770002304436,AgroProcesados,ISO-14001
770002304437,AgroProcesados,ISO-22000
770002304438,Global Foods,Sin Certificación
770002304439,AgroProcesados,HACCP
770002304440,Global Foods,ISO-14001
770002304441,Industrias BioFood,HACCP
770002304442,NutriAlimentos Corp,ISO-14001
770002304443,Industrias BioFood,ISO-14001
770002304444,AgroProcesados,Sin Certificación
770002304445,NutriAlimentos Corp,Sin Certificación
770002304446,Bebidas del Valle,ISO-14001
770002304447,Global Foods,ISO-9001
770002304448,Industrias BioFood,HACCP
770002304449,Bebidas del Valle,ISO-9001
770002304450,NutriAlimentos Corp,ISO-14001
770002304451,NutriAlimentos Corp,ISO-14001
770002304452,AgroProcesados,ISO-9001
770002304453,Industrias BioFood,HACCP
770002304454,NutriAlimentos Corp,ISO-22000
770002304455,Bebidas del Valle,Sin Certificación
770002304456,NutriAlimentos Corp,ISO-22000
770002304457,Global Foods,ISO-22000
770002304458,NutriAlimentos Corp,Sin Certificación
770002304459,Global Foods,ISO-9001
770002304460,Bebidas del Valle,Sin Certificación
770002304461,AgroProcesados,ISO-14001
770002404462,AgroProcesados,ISO-9001
770002404463,AgroProcesados,Sin Certificación
770002404464,Global Foods,ISO-14001
770002404465,NutriAlimentos Corp,Sin Certificación
770002404466,Global Foods,Sin Certificación
770002404467,Bebidas del Valle,HACCP
770002404468,Bebidas del Valle,Sin Certificación
770002404469,AgroProcesados,ISO-9001
770002404470,NutriAlimentos Corp,Sin Certificación
770002404471,Global Foods,HACCP
770002404472,Bebidas del Valle,ISO-14001
770002404473,NutriAlimentos Corp,ISO-9001
770002404474,NutriAlimentos Corp,HACCP
770002404475,NutriAlimentos Corp,ISO-22000
770002404476,Global Foods,HACCP
770002404477,Bebidas del Valle,Sin Certificación
770002404478,Bebidas del Valle,HACCP
770002404479,Bebidas del Valle,ISO-14001
770002404480,AgroProcesados,HACCP
770002404481,Bebidas del Valle,ISO-22000
770002404482,NutriAlimentos Corp,ISO-14001
770002404483,AgroProcesados,ISO-22000
770002404484,NutriAlimentos Corp,Sin Certificación
770002404485,Industrias BioFood,ISO-9001
770002404486,Industrias BioFood,ISO-9001
770002404487,Industrias BioFood,Sin Certificación
770002404488,AgroProcesados,ISO-22000
770002404489,Global Foods,Sin Certificación
770002404490,AgroProcesados,ISO-22000
770002404491,Industrias BioFood,ISO-9001
770002404492,Industrias BioFood,ISO-9001
770002404493,AgroProcesados,ISO-22000
770002404494,Bebidas del Valle,ISO-22000
770002404495,Industrias BioFood,ISO-14001
770002404496,AgroProcesados,ISO-9001
770002404497,Industrias BioFood,HACCP
770002404498,NutriAlimentos Corp,Sin Certificación
770002404499,NutriAlimentos Corp,Sin Certificación
770002404500,Industrias BioFood,ISO-22000
770002404501,Industrias BioFood,ISO-9001
770002404502,Bebidas del Valle,ISO-14001
770002404503,Industrias BioFood,HACCP
770002404504,NutriAlimentos Corp,ISO-22000
770002404505,Bebidas del Valle,ISO-22000
770002404506,NutriAlimentos Corp,ISO-9001
770002404507,NutriAlimentos Corp,ISO-9001
770002404508,Industrias BioFood,HACCP
770002404509,Industrias BioFood,ISO-22000
770002404510,Bebidas del Valle,ISO-9001
770002404511,NutriAlimentos Corp,ISO-9001
770002404512,Industrias BioFood,ISO-14001
770002404513,AgroProcesados,ISO-14001
770002404514,Bebidas del Valle,HACCP
770002404515,AgroProcesados,Sin Certificación
770002404516,Industrias BioFood,ISO-9001
770002404517,Bebidas del Valle,ISO-22000
770002404518,Bebidas del Valle,ISO-9001
770002404519,Bebidas del Valle,ISO-14001
770002404520,Industrias BioFood,ISO-9001
770002404521,Bebidas del Valle,HACCP
770002404522,Industrias BioFood,ISO-9001
770002404523,Global Foods,ISO-14001
770002404524,Industrias BioFood,HACCP
770002404525,Bebidas del Valle,ISO-14001
770002404526,AgroProcesados,ISO-22000
770002404527,Industrias BioFood,HACCP
770002404528,NutriAlimentos Corp,HACCP
770002404529,Industrias BioFood,ISO-9001
770002404530,Global Foods,HACCP
770002404531,AgroProcesados,Sin Certificación
770002404532,AgroProcesados,HACCP
770002404533,Industrias BioFood,HACCP
770002404534,Bebidas del Valle,HACCP
770002404535,AgroProcesados,HACCP
770002404536,Industrias BioFood,HACCP
770002404537,Global Foods,HACCP
770002404538,Bebidas del Valle,ISO-9001
770002404539,Bebidas del Valle,HACCP
770002404540,AgroProcesados,Sin Certificación
770002404541,Bebidas del Valle,HACCP
770002404542,Bebidas del Valle,ISO-9001
770002404543,Industrias BioFood,ISO-14001
770002404544,NutriAlimentos Corp,ISO-22000
770002404545,Bebidas del Valle,ISO-22000
770002404546,Industrias BioFood,ISO-14001
770002404547,Global Foods,ISO-9001
770002404548,NutriAlimentos Corp,ISO-9001
770002404549,Global Foods,ISO-22000
770002404550,AgroProcesados,ISO-14001
770002404551,Global Foods,ISO-22000
770002404552,Global Foods,ISO-14001
770002404553,NutriAlimentos Corp,HACCP
770002404554,Global Foods,ISO-14001
770002404555,Global Foods,Sin Certificación
770002404556,Industrias BioFood,ISO-22000
770002404557,AgroProcesados,ISO-22000
770002404558,NutriAlimentos Corp,ISO-9001
770002404559,Industrias BioFood,ISO-9001
770002404560,NutriAlimentos Corp,HACCP
770002404561,NutriAlimentos Corp,ISO-22000
770002404562,Global Foods,ISO-9001
770002404563,Industrias BioFood,ISO-9001
770002404564,AgroProcesados,ISO-14001
770002404565,Bebidas del Valle,Sin Certificación
770002404566,NutriAlimentos Corp,HACCP
770002404567,Industrias BioFood,ISO-14001
770002404568,Industrias BioFood,Sin Certificación
770002404569,NutriAlimentos Corp,ISO-22000
770002404570,Industrias BioFood,ISO-14001
770002404571,Industrias BioFood,ISO-22000
770002404572,Industrias BioFood,HACCP
770002404573,NutriAlimentos Corp,HACCP
770002404574,NutriAlimentos Corp,ISO-14001
770002404575,Industrias BioFood,HACCP
770002404576,AgroProcesados,ISO-14001
770002404577,NutriAlimentos Corp,HACCP
770002404578,AgroProcesados,HACCP
770002404579,Global Foods,ISO-14001
770002404580,Industrias BioFood,Sin Certificación
770002404581,Bebidas del Valle,Sin Certificación
770002404582,Global Foods,ISO-22000
770002404583,NutriAlimentos Corp,HACCP
770002404584,Bebidas del Valle,ISO-22000
770002404585,Industrias BioFood,ISO-9001
770002404586,NutriAlimentos Corp,ISO-14001
770002404587,Industrias BioFood,ISO-14001
770002404588,Industrias BioFood,ISO-9001
770002404589,Global Foods,ISO-14001
770002404590,NutriAlimentos Corp,ISO-9001
770002404591,NutriAlimentos Corp,ISO-14001
770002404592,Industrias BioFood,ISO-22000
770002404593,Industrias BioFood,HACCP
770002404594,AgroProcesados,ISO-14001
770002404595,Global Foods,HACCP
770002404596,NutriAlimentos Corp,ISO-22000
770002404597,Bebidas del Valle,ISO-14001
770002404598,Bebidas del Valle,ISO-9001
770002404599,AgroProcesados,HACCP
770002404600,Industrias BioFood,ISO-14001
770002404601,Global Foods,ISO-9001
770002404602,Global Foods,HACCP
770002404603,Industrias BioFood,ISO-22000
770002404604,Global Foods,ISO-22000
770002404605,Industrias BioFood,ISO-22000
770002404606,Industrias BioFood,ISO-22000
770002404607,NutriAlimentos Corp,Sin Certificación
770002404608,Global Foods,ISO-14001
770002404609,Global Foods,ISO-22000
770002404610,AgroProcesados,ISO-14001
770002404611,NutriAlimentos Corp,ISO-14001
770002404612,Bebidas del Valle,HACCP
770002404613,Industrias BioFood,ISO-22000
770002404614,Bebidas del Valle,HACCP
770002404615,Bebidas del Valle,ISO-14001
770002404616,Bebidas del Valle,ISO-9001
770002404617,AgroProcesados,ISO-14001
770002404618,NutriAlimentos Corp,ISO-9001
770002404619,Bebidas del Valle,Sin Certificación
770002404620,Global Foods,ISO-22000
770002404621,Global Foods,ISO-9001
770002404622,AgroProcesados,Sin Certificación
770002404623,AgroProcesados,ISO-14001
770002404624,NutriAlimentos Corp,ISO-14001
770002404625,Bebidas del Valle,ISO-22000
770002404626,AgroProcesados,ISO-14001
770002404627,Industrias BioFood,ISO-9001
770002404628,Bebidas del Valle,ISO-9001
770002404629,NutriAlimentos Corp,ISO-14001
770002404630,Global Foods,Sin Certificación
770002404631,Industrias BioFood,HACCP
770002404632,NutriAlimentos Corp,HACCP
770002404633,Bebidas del Valle,Sin Certificación
770002404634,AgroProcesados,HACCP
770002404635,Global Foods,ISO-22000
770002404636,Global Foods,Sin Certificación
770002404637,Industrias BioFood,HACCP
770002404638,Industrias BioFood,ISO-9001
770002404639,Industrias BioFood,HACCP
770002404640,NutriAlimentos Corp,ISO-9001
770002404641,NutriAlimentos Corp,ISO-14001
770002404642,AgroProcesados,ISO-22000
770002404643,Bebidas del Valle,Sin Certificación
770002404644,NutriAlimentos Corp,ISO-22000
770002404645,Global Foods,HACCP
770002404646,Global Foods,ISO-9001
770002404647,Global Foods,Sin Certificación
770002404648,NutriAlimentos Corp,ISO-22000
770002404649,Global Foods,HACCP
770002404650,NutriAlimentos Corp,HACCP
770002404651,NutriAlimentos Corp,ISO-22000
770002404652,Global Foods,HACCP
770002404653,Industrias BioFood,ISO-14001
770002404654,Industrias BioFood,Sin Certificación
770002404655,AgroProcesados,ISO-9001
770002504656,AgroProcesados,ISO-9001
770002504657,Bebidas del Valle,ISO-14001
770002504658,NutriAlimentos Corp,ISO-22000
770002504659,AgroProcesados,ISO-9001
770002504660,Industrias BioFood,HACCP
770002504661,NutriAlimentos Corp,ISO-14001
770002504662,Global Foods,ISO-14001
770002504663,Global Foods,HACCP
770002504664,Bebidas del Valle,Sin Certificación
770002504665,Industrias BioFood,ISO-14001
770002504666,Global Foods,Sin Certificación
770002504667,Global Foods,HACCP
770002504668,AgroProcesados,ISO-9001
770002504669,Bebidas del Valle,ISO-22000
770002504670,Bebidas del Valle,ISO-9001
770002504671,Global Foods,Sin Certificación
770002504672,Global Foods,ISO-9001
770002504673,AgroProcesados,Sin Certificación
770002504674,NutriAlimentos Corp,ISO-9001
770002504675,Industrias BioFood,HACCP
770002504676,NutriAlimentos Corp,ISO-22000
770002504677,NutriAlimentos Corp,ISO-22000
770002504678,Bebidas del Valle,ISO-9001
770002504679,Bebidas del Valle,Sin Certificación
770002504680,AgroProcesados,Sin Certificación
770002504681,Industrias BioFood,HACCP
770002504682,Bebidas del Valle,HACCP
770002504683,Industrias BioFood,ISO-14001
770002504684,Bebidas del Valle,HACCP
770002504685,Industrias BioFood,ISO-22000
770002504686,NutriAlimentos Corp,ISO-9001
770002504687,AgroProcesados,ISO-22000
770002504688,AgroProcesados,ISO-22000
770002504689,Bebidas del Valle,ISO-9001
770002504690,NutriAlimentos Corp,Sin Certificación
770002504691,AgroProcesados,HACCP
770002504692,Bebidas del Valle,HACCP
770002504693,AgroProcesados,ISO-9001
770002504694,Industrias BioFood,ISO-9001
770002504695,NutriAlimentos Corp,ISO-9001
770002504696,Bebidas del Valle,HACCP
770002504697,Industrias BioFood,HACCP
770002504698,Industrias BioFood,Sin Certificación
770002504699,NutriAlimentos Corp,HACCP
770002504700,Industrias BioFood,ISO-22000
770002504701,NutriAlimentos Corp,ISO-22000
770002504702,Bebidas del Valle,ISO-14001
770002504703,NutriAlimentos Corp,HACCP
770002504704,Industrias BioFood,ISO-14001
770002504705,NutriAlimentos Corp,Sin Certificación
770002504706,NutriAlimentos Corp,Sin Certificación
770002504707,NutriAlimentos Corp,ISO-22000
770002504708,AgroProcesados,ISO-14001
770002504709,Global Foods,HACCP
770002504710,Global Foods,HACCP
770002504711,Industrias BioFood,ISO-9001
770002504712,NutriAlimentos Corp,HACCP
770002504713,AgroProcesados,Sin Certificación
770002504714,NutriAlimentos Corp,ISO-22000
770002504715,AgroProcesados,ISO-14001
770002504716,Industrias BioFood,ISO-9001
770002504717,Global Foods,ISO-9001
770002504718,Bebidas del Valle,ISO-14001
770002504719,Industrias BioFood,HACCP
770002504720,AgroProcesados,Sin Certificación
770002504721,Industrias BioFood,ISO-9001
770002504722,Global Foods,ISO-22000
770002504723,Bebidas del Valle,ISO-9001
770002504724,Bebidas del Valle,ISO-9001
770002504725,Bebidas del Valle,Sin Certificación
770002504726,AgroProcesados,ISO-22000
770002504727,NutriAlimentos Corp,ISO-22000
770002504728,Industrias BioFood,HACCP
770002504729,Industrias BioFood,ISO-22000
770002504730,NutriAlimentos Corp,ISO-22000
770002504731,Industrias BioFood,Sin Certificación
770002504732,Global Foods,Sin Certificación
770002504733,NutriAlimentos Corp,ISO-22000
770002504734,Bebidas del Valle,ISO-14001
770002504735,Industrias BioFood,ISO-14001
770002504736,AgroProcesados,Sin Certificación
770002504737,AgroProcesados,HACCP
770002504738,Bebidas del Valle,ISO-22000
770002504739,Industrias BioFood,ISO-22000
770002504740,Industrias BioFood,ISO-22000
770002504741,Global Foods,HACCP
770002504742,Global Foods,ISO-9001
770002504743,Bebidas del Valle,ISO-9001
770002504744,NutriAlimentos Corp,Sin Certificación
770002504745,Global Foods,ISO-9001
770002504746,Industrias BioFood,ISO-22000
770002504747,Global Foods,ISO-22000
770002504748,Industrias BioFood,Sin Certificación
770002504749,AgroProcesados,Sin Certificación
770002504750,Bebidas del Valle,Sin Certificación
770002504751,Global Foods,ISO-9001
770002504752,NutriAlimentos Corp,Sin Certificación
770002504753,Bebidas del Valle,Sin Certificación
770002504754,Bebidas del Valle,ISO-22000
770002504755,NutriAlimentos Corp,HACCP
770002504756,NutriAlimentos Corp,HACCP
770002504757,NutriAlimentos Corp,ISO-22000
770002504758,Bebidas del Valle,ISO-9001
770002504759,Global Foods,ISO-14001
770002504760,Bebidas del Valle,Sin Certificación
770002504761,Industrias BioFood,ISO-14001
770002504762,Global Foods,ISO-9001
770002504763,NutriAlimentos Corp,ISO-14001
770002504764,Bebidas del Valle,Sin Certificación
770002504765,NutriAlimentos Corp,ISO-9001
770002504766,Global Foods,Sin Certificación
770002504767,NutriAlimentos Corp,ISO-14001
770002504768,NutriAlimentos Corp,ISO-22000
770002504769,Industrias BioFood,ISO-9001
770002504770,Industrias BioFood,Sin Certificación
770002504771,Bebidas del Valle,HACCP
770002504772,Industrias BioFood,ISO-22000
770002504773,Bebidas del Valle,ISO-22000
770002504774,Bebidas del Valle,ISO-22000
770002504775,Industrias BioFood,ISO-9001
770002504776,Industrias BioFood,Sin Certificación
770002504777,Global Foods,Sin Certificación
770002504778,NutriAlimentos Corp,Sin Certificación
770002504779,Industrias BioFood,ISO-14001
770002504780,Global Foods,Sin Certificación
770002504781,AgroProcesados,ISO-14001
770002504782,Bebidas del Valle,ISO-9001
770002504783,Bebidas del Valle,HACCP
770002504784,Industrias BioFood,HACCP
770002504785,NutriAlimentos Corp,ISO-14001
770002504786,AgroProcesados,ISO-14001
770002504787,Global Foods,Sin Certificación
770002504788,AgroProcesados,ISO-9001
770002504789,Industrias BioFood,ISO-9001
770002504790,Bebidas del Valle,ISO-14001
770002504791,Bebidas del Valle,ISO-9001
770002504792,NutriAlimentos Corp,ISO-9001
770002504793,AgroProcesados,ISO-22000
770002504794,Global Foods,ISO-14001
770002504795,Bebidas del Valle,ISO-9001
770002504796,NutriAlimentos Corp,ISO-14001
770002504797,Bebidas del Valle,HACCP
770002504798,NutriAlimentos Corp,ISO-22000
770002504799,NutriAlimentos Corp,HACCP
770002504800,Bebidas del Valle,ISO-22000
770002504801,AgroProcesados,ISO-22000
770002504802,AgroProcesados,ISO-14001
770002504803,Bebidas del Valle,ISO-22000
770002504804,Bebidas del Valle,ISO-14001
770002504805,NutriAlimentos Corp,HACCP
770002504806,Industrias BioFood,ISO-9001
770002504807,Industrias BioFood,ISO-14001
770002504808,NutriAlimentos Corp,ISO-22000
770002504809,AgroProcesados,Sin Certificación
770002504810,AgroProcesados,HACCP
770002504811,Industrias BioFood,HACCP
770002504812,Bebidas del Valle,ISO-14001
770002504813,NutriAlimentos Corp,Sin Certificación
770002504814,Industrias BioFood,HACCP
770002504815,NutriAlimentos Corp,ISO-9001
770002504816,NutriAlimentos Corp,Sin Certificación
770002504817,NutriAlimentos Corp,HACCP
770002504818,Bebidas del Valle,ISO-14001
770002504819,Global Foods,ISO-9001
770002504820,Bebidas del Valle,ISO-22000
770002504821,NutriAlimentos Corp,ISO-14001
770002504822,Bebidas del Valle,ISO-9001
770002504823,AgroProcesados,HACCP
770002504824,Industrias BioFood,HACCP
770002504825,Bebidas del Valle,ISO-14001
770002504826,NutriAlimentos Corp,ISO-9001
770002504827,Bebidas del Valle,ISO-9001
770002504828,Global Foods,HACCP
770002504829,Global Foods,Sin Certificación
770002504830,AgroProcesados,ISO-9001
770002504831,Bebidas del Valle,HACCP
770002504832,Global Foods,ISO-14001
770002504833,Bebidas del Valle,ISO-14001
770002504834,AgroProcesados,HACCP
770002504835,AgroProcesados,HACCP
770002504836,Global Foods,ISO-9001
770002504837,Bebidas del Valle,Sin Certificación
770002504838,NutriAlimentos Corp,ISO-9001
770002504839,Bebidas del Valle,ISO-22000
770002504840,AgroProcesados,HACCP
770002504841,Industrias BioFood,Sin Certificación
770002504842,Bebidas del Valle,HACCP
770002504843,AgroProcesados,ISO-22000
770002504844,NutriAlimentos Corp,HACCP
770002504845,Global Foods,Sin Certificación
770002504846,Bebidas del Valle,ISO-22000
770002504847,Industrias BioFood,HACCP
770002504848,Global Foods,ISO-14001
770002504849,Industrias BioFood,ISO-9001
770002604850,Industrias BioFood,ISO-9001
770002604851,Bebidas del Valle,ISO-22000
770002604852,Industrias BioFood,ISO-9001
770002604853,Bebidas del Valle,ISO-22000
770002604854,Industrias BioFood,ISO-22000
770002604855,Bebidas del Valle,Sin Certificación
770002604856,Global Foods,Sin Certificación
770002604857,Global Foods,Sin Certificación
770002604858,AgroProcesados,ISO-14001
770002604859,Bebidas del Valle,HACCP
770002604860,NutriAlimentos Corp,HACCP
770002604861,Industrias BioFood,HACCP
770002604862,Bebidas del Valle,Sin Certificación
770002604863,Industrias BioFood,HACCP
770002604864,NutriAlimentos Corp,ISO-9001
770002604865,Global Foods,ISO-14001
770002604866,Global Foods,ISO-22000
770002604867,AgroProcesados,ISO-9001
770002604868,AgroProcesados,HACCP
770002604869,AgroProcesados,HACCP
770002604870,NutriAlimentos Corp,ISO-14001
770002604871,NutriAlimentos Corp,ISO-9001
770002604872,AgroProcesados,ISO-14001
770002604873,Bebidas del Valle,ISO-9001
770002604874,Industrias BioFood,HACCP
770002604875,AgroProcesados,HACCP
770002604876,NutriAlimentos Corp,ISO-14001
770002604877,Bebidas del Valle,ISO-14001
770002604878,AgroProcesados,ISO-9001
770002604879,Industrias BioFood,ISO-9001
770002604880,Industrias BioFood,HACCP
770002604881,NutriAlimentos Corp,HACCP
770002604882,Bebidas del Valle,ISO-22000
770002604883,Industrias BioFood,ISO-9001
770002604884,NutriAlimentos Corp,ISO-22000
770002604885,Bebidas del Valle,ISO-22000
770002604886,NutriAlimentos Corp,ISO-14001
770002604887,AgroProcesados,ISO-22000
770002604888,Global Foods,ISO-22000
770002604889,Bebidas del Valle,Sin Certificación
770002604890,Global Foods,HACCP
770002604891,Global Foods,ISO-22000
770002604892,Industrias BioFood,ISO-9001
770002604893,Bebidas del Valle,Sin Certificación
770002604894,NutriAlimentos Corp,ISO-14001
770002604895,AgroProcesados,ISO-9001
770002604896,Industrias BioFood,ISO-9001
770002604897,AgroProcesados,ISO-9001
770002604898,Industrias BioFood,Sin Certificación
770002604899,AgroProcesados,ISO-14001
770002604900,Industrias BioFood,ISO-14001
770002604901,Industrias BioFood,ISO-9001
770002604902,NutriAlimentos Corp,ISO-14001
770002604903,Industrias BioFood,ISO-22000
770002604904,Bebidas del Valle,HACCP
770002604905,NutriAlimentos Corp,ISO-22000
770002604906,Global Foods,ISO-9001
770002604907,Global Foods,Sin Certificación
770002604908,NutriAlimentos Corp,ISO-22000
770002604909,Global Foods,ISO-9001
770002604910,Industrias BioFood,ISO-9001
770002604911,Global Foods,Sin Certificación
770002604912,Bebidas del Valle,ISO-9001
770002604913,AgroProcesados,HACCP
770002604914,Global Foods,Sin Certificación
770002604915,Industrias BioFood,Sin Certificación
770002604916,Bebidas del Valle,Sin Certificación
770002604917,Bebidas del Valle,ISO-14001
770002604918,Industrias BioFood,ISO-9001
770002604919,NutriAlimentos Corp,ISO-9001
770002604920,AgroProcesados,ISO-14001
770002604921,Bebidas del Valle,ISO-22000
770002604922,Bebidas del Valle,ISO-9001
770002604923,Industrias BioFood,Sin Certificación
770002604924,AgroProcesados,ISO-14001
770002604925,Industrias BioFood,Sin Certificación
770002604926,NutriAlimentos Corp,HACCP
770002604927,Global Foods,Sin Certificación
770002604928,AgroProcesados,Sin Certificación
770002604929,Bebidas del Valle,ISO-22000
770002604930,NutriAlimentos Corp,Sin Certificación
770002604931,NutriAlimentos Corp,HACCP
770002604932,NutriAlimentos Corp,ISO-9001
770002604933,Industrias BioFood,Sin Certificación
770002604934,Global Foods,ISO-14001
770002604935,Global Foods,HACCP
770002604936,NutriAlimentos Corp,ISO-14001
770002604937,Bebidas del Valle,ISO-14001
770002604938,NutriAlimentos Corp,ISO-14001
770002604939,Bebidas del Valle,HACCP
770002604940,AgroProcesados,ISO-22000
770002604941,Industrias BioFood,ISO-9001
770002604942,NutriAlimentos Corp,HACCP
770002604943,AgroProcesados,Sin Certificación
770002604944,NutriAlimentos Corp,Sin Certificación
770002604945,Industrias BioFood,ISO-14001
770002604946,Global Foods,ISO-14001
770002604947,NutriAlimentos Corp,ISO-14001
770002604948,AgroProcesados,ISO-9001
770002604949,NutriAlimentos Corp,ISO-22000
770002604950,AgroProcesados,ISO-22000
770002604951,Industrias BioFood,ISO-9001
770002604952,NutriAlimentos Corp,ISO-22000
770002604953,NutriAlimentos Corp,ISO-22000
770002604954,AgroProcesados,ISO-9001
770002604955,NutriAlimentos Corp,HACCP
770002604956,Global Foods,ISO-22000
770002604957,NutriAlimentos Corp,ISO-14001
770002604958,Global Foods,ISO-9001
770002604959,AgroProcesados,ISO-14001
770002604960,Global Foods,ISO-14001
770002604961,NutriAlimentos Corp,HACCP
770002604962,Global Foods,ISO-22000
770002604963,Bebidas del Valle,ISO-9001
770002604964,Bebidas del Valle,Sin Certificación
770002604965,Industrias BioFood,Sin Certificación
770002604966,NutriAlimentos Corp,ISO-9001
770002604967,AgroProcesados,ISO-14001
770002604968,NutriAlimentos Corp,HACCP
770002604969,NutriAlimentos Corp,ISO-14001
770002604970,NutriAlimentos Corp,ISO-14001
770002604971,Bebidas del Valle,HACCP
770002604972,NutriAlimentos Corp,Sin Certificación
770002604973,Bebidas del Valle,ISO-9001
770002604974,Bebidas del Valle,ISO-22000
770002604975,Global Foods,ISO-22000
770002604976,NutriAlimentos Corp,ISO-22000
770002604977,Bebidas del Valle,Sin Certificación
770002604978,Global Foods,Sin Certificación
770002604979,Global Foods,HACCP
770002604980,AgroProcesados,ISO-22000
770002604981,NutriAlimentos Corp,ISO-14001
770002604982,Bebidas del Valle,HACCP
770002604983,Industrias BioFood,HACCP
770002604984,AgroProcesados,Sin Certificación
770002604985,AgroProcesados,Sin Certificación
770002604986,Global Foods,HACCP
770002604987,Bebidas del Valle,HACCP
770002604988,Bebidas del Valle,ISO-14001
770002604989,Bebidas del Valle,Sin Certificación
770002604990,Global Foods,Sin Certificación
770002604991,Bebidas del Valle,HACCP
770002604992,NutriAlimentos Corp,HACCP
770002604993,NutriAlimentos Corp,ISO-14001
770002604994,Bebidas del Valle,ISO-9001
770002604995,AgroProcesados,ISO-9001
770002604996,NutriAlimentos Corp,ISO-14001
770002604997,NutriAlimentos Corp,ISO-22000
770002604998,AgroProcesados,ISO-22000
770002604999,NutriAlimentos Corp,ISO-9001
